지점,지점명,일시,평균 이슬점온도(°C),최소 상대습도(%),최소 상대습도 시각(hhmi),평균 상대습도(%),평균 증기압(hPa)
108,서울,2017-01-01,-1.2,59,1342,75.9,5.6
108,서울,2017-01-02,1.3,57,1355,77.8,6.8
108,서울,2017-01-03,-4.8,38,1254,61.8,4.3
108,서울,2017-01-04,-4.8,31,1503,55,4.3
108,서울,2017-01-05,-5.1,42,943,52.3,4.2
108,서울,2017-01-06,-2.2,42,1506,58.5,5.2
108,서울,2017-01-07,-1.7,46,1322,64.9,5.4
108,서울,2017-01-08,-.6,45,1348,61.4,5.9
108,서울,2017-01-09,-5.4,41,1608,60.8,4.2
108,서울,2017-01-10,-14.2,25,1607,45.1,2.1
108,서울,2017-01-11,-16.7,24,937,36.4,1.8
108,서울,2017-01-12,-13.9,21,1435,43.1,2.3
108,서울,2017-01-13,-15.6,27,804,47.4,1.9
108,서울,2017-01-14,-22,22,1349,33.3,1.1
108,서울,2017-01-15,-19.6,25,1352,35.3,1.3
108,서울,2017-01-16,-16.9,17,1454,37.6,1.7
108,서울,2017-01-17,-12.3,25,1256,46.6,2.4
108,서울,2017-01-18,-5.5,53,1130,68.9,4.1
108,서울,2017-01-19,-9.5,33,1318,55.4,3
108,서울,2017-01-20,-9.2,47,4,70.3,3.1
108,서울,2017-01-21,-8.5,48,1240,78.1,3.4
108,서울,2017-01-22,-16.6,38,1605,51.3,1.7
108,서울,2017-01-23,-18,33,1238,48.4,1.5
108,서울,2017-01-24,-16.2,28,1513,49.6,1.7
108,서울,2017-01-25,-14.4,28,1425,50.6,2
108,서울,2017-01-26,-7.3,44,1306,64.4,3.8
108,서울,2017-01-27,-12.7,28,1509,47.3,2.5
108,서울,2017-01-28,-14.8,17,1437,38,2
108,서울,2017-01-29,-4.8,33,437,71.1,4.6
108,서울,2017-01-30,-11.3,44,1601,61.4,2.7
108,서울,2017-01-31,-16,26,1258,44.8,1.7
108,서울,2017-02-01,-14.7,27,1618,44.5,2
108,서울,2017-02-02,-11.6,22,1048,52.9,2.9
108,서울,2017-02-03,-4.5,39,1502,65.4,4.4
108,서울,2017-02-04,-4.2,56,2311,69.4,4.5
108,서울,2017-02-05,-2.8,59,537,75.3,5
108,서울,2017-02-06,-10.7,33,1613,51,2.7
108,서울,2017-02-07,-12.5,29,1416,45.4,2.3
108,서울,2017-02-08,-11.5,31,1429,50.1,2.6
108,서울,2017-02-09,-15,30,1323,47,1.9
108,서울,2017-02-10,-17,29,1522,44.3,1.6
108,서울,2017-02-11,-15,31,1432,45.4,1.9
108,서울,2017-02-12,-11.3,30,1303,51.3,2.6
108,서울,2017-02-13,-7.2,31,1128,59.6,3.8
108,서울,2017-02-14,-10.9,22,1311,46,2.8
108,서울,2017-02-15,-7.5,28,1541,52.1,3.5
108,서울,2017-02-16,-1.1,38,1100,63.9,6.2
108,서울,2017-02-17,-7.5,27,1416,56.9,3.9
108,서울,2017-02-18,-12.5,21,1358,49.4,2.5
108,서울,2017-02-19,-3.5,32,1217,68,4.9
108,서울,2017-02-20,-10.4,34,1423,53.8,3.2
108,서울,2017-02-21,-13.8,22,1546,37.1,2.1
108,서울,2017-02-22,-4,30,55,70.8,4.8
108,서울,2017-02-23,-9.5,33,1449,56.4,3
108,서울,2017-02-24,-10.3,22,1310,51.3,2.9
108,서울,2017-02-25,-4.3,32,1615,63.6,4.5
108,서울,2017-02-26,-6.5,19,1331,52.8,3.9
108,서울,2017-02-27,-10.1,18,1322,37.4,2.9
108,서울,2017-02-28,-7.1,23,1201,41.5,3.6
108,서울,2017-03-01,-2.1,27,1340,65,5.4
108,서울,2017-03-02,-5.9,34,2109,59.5,4.1
108,서울,2017-03-03,-5.2,35,39,54.4,4.3
108,서울,2017-03-04,-2.1,31,1350,60,5.2
108,서울,2017-03-05,.2,44,1330,71.6,6.2
108,서울,2017-03-06,-12.2,20,1409,41.3,2.5
108,서울,2017-03-07,-14.6,23,1352,37.5,2
108,서울,2017-03-08,-9.4,28,1312,50.6,3.1
108,서울,2017-03-09,-7.5,26,1524,47.3,3.5
108,서울,2017-03-10,-9.5,18,1645,37.4,3
108,서울,2017-03-11,-7,17,1433,37.4,3.7
108,서울,2017-03-12,0,31,1429,58.4,6.3
108,서울,2017-03-13,-3.6,28,1416,49.8,4.7
108,서울,2017-03-14,-8.4,20,1537,37.5,3.3
108,서울,2017-03-15,-8.9,16,1503,34.9,3.2
108,서울,2017-03-16,-6.8,20,1441,41.8,3.7
108,서울,2017-03-17,-5.3,17,1538,43.1,4.2
108,서울,2017-03-18,-6.7,15,1323,34.1,3.8
108,서울,2017-03-19,-4.6,18,1420,36,4.3
108,서울,2017-03-20,-3.2,23,1439,40.4,4.9
108,서울,2017-03-21,-3.8,21,1736,48.1,4.8
108,서울,2017-03-22,-8.4,16,1404,32.8,3.2
108,서울,2017-03-23,-6.3,17,1352,34,3.8
108,서울,2017-03-24,-4.1,21,1520,41.4,4.6
108,서울,2017-03-25,-5,17,1453,41.1,4.3
108,서울,2017-03-26,-2.2,30,1505,53.1,5.3
108,서울,2017-03-27,.3,38,1208,67.4,6.3
108,서울,2017-03-28,-1.1,28,1534,59.8,5.7
108,서울,2017-03-29,-.7,22,1410,54.9,5.9
108,서울,2017-03-30,-.1,27,1430,50,6.1
108,서울,2017-03-31,3.3,51,1045,70.6,7.8
108,서울,2017-04-01,1.1,27,1456,60.5,6.7
108,서울,2017-04-02,-1.1,25,1512,53.1,5.7
108,서울,2017-04-03,-.8,19,1418,45.6,5.8
108,서울,2017-04-04,-1.9,17,1526,35.3,5.3
108,서울,2017-04-05,4.8,28,54,66,9.2
108,서울,2017-04-06,8.8,75,1357,90,11.3
108,서울,2017-04-07,8,35,1355,68.1,10.8
108,서울,2017-04-08,8.2,47,1447,74.5,10.9
108,서울,2017-04-09,6,34,1550,59.6,9.5
108,서울,2017-04-10,-5,10,1441,25.8,4.4
108,서울,2017-04-11,.1,20,2002,36.8,6.5
108,서울,2017-04-12,-11.4,10,346,21.8,2.8
108,서울,2017-04-13,2.2,15,1116,54,7.4
108,서울,2017-04-14,4.2,28,735,57.9,8.6
108,서울,2017-04-15,8,31,1436,59.4,10.7
108,서울,2017-04-16,8.2,32,1843,52.9,10.9
108,서울,2017-04-17,8.1,37,956,66.5,10.9
108,서울,2017-04-18,7.5,54,1058,76.5,10.4
108,서울,2017-04-19,-.6,25,1130,43.1,5.9
108,서울,2017-04-20,1,27,1309,45.4,6.6
108,서울,2017-04-21,4.1,31,1331,56.5,8.2
108,서울,2017-04-22,2.3,16,1413,48.4,7.4
108,서울,2017-04-23,-.1,17,1238,40,6.2
108,서울,2017-04-24,.5,21,1122,39.4,6.4
108,서울,2017-04-25,7.3,44,1600,56.8,10.3
108,서울,2017-04-26,-1.9,14,1110,36,5.7
108,서울,2017-04-27,-.5,18,1217,41.8,6
108,서울,2017-04-28,5.2,28,1317,57.3,8.9
108,서울,2017-04-29,3.1,17,1519,44.3,7.8
108,서울,2017-04-30,10.1,28,1359,57.9,12.4
108,서울,2017-05-01,8,17,1548,50.8,10.9
108,서울,2017-05-02,6.4,26,1424,42,9.7
108,서울,2017-05-03,4,16,1449,34.1,8.2
108,서울,2017-05-04,7.7,25,1215,43.6,10.6
108,서울,2017-05-05,10.6,35,1345,53.4,13
108,서울,2017-05-06,-2.5,16,717,32,5.4
108,서울,2017-05-07,2.1,16,1625,42.6,7.4
108,서울,2017-05-08,5.1,34,2213,43.6,9
108,서울,2017-05-09,9.3,36,1349,62.6,12
108,서울,2017-05-10,11.3,54,1647,73,13.5
108,서울,2017-05-11,12.3,48,1650,65.3,14.4
108,서울,2017-05-12,13.8,63,428,71.6,15.8
108,서울,2017-05-13,12.3,52,1435,77.8,14.3
108,서울,2017-05-14,6.6,32,1632,58.3,9.8
108,서울,2017-05-15,8.3,45,1132,61.4,11
108,서울,2017-05-16,8.9,38,1500,60.5,11.4
108,서울,2017-05-17,7.8,29,1414,51.5,10.6
108,서울,2017-05-18,6.6,28,1255,41.9,9.8
108,서울,2017-05-19,6.7,23,1400,42.6,9.9
108,서울,2017-05-20,7.5,28,1236,44,10.4
108,서울,2017-05-21,9.3,19,1541,48.1,11.8
108,서울,2017-05-22,11.3,30,1742,53.6,13.4
108,서울,2017-05-23,13.5,46,1132,68,15.6
108,서울,2017-05-24,12.9,31,1501,60.4,15
108,서울,2017-05-25,6.1,14,1418,45.6,9.8
108,서울,2017-05-26,3.8,25,1409,41.5,8.2
108,서울,2017-05-27,6.3,24,1425,46.1,9.8
108,서울,2017-05-28,9.7,25,1102,50.6,12.6
108,서울,2017-05-29,14.6,39,1448,61.8,16.6
108,서울,2017-05-30,7.3,7,1659,43.5,11.3
108,서울,2017-05-31,11.1,22,1602,49.1,13.6
108,서울,2017-06-01,11.6,24,2002,51.8,14.6
108,서울,2017-06-02,4.7,20,1318,37.4,8.6
108,서울,2017-06-03,7.3,24,1412,44,10.2
108,서울,2017-06-04,5.2,19,1336,36.9,8.9
108,서울,2017-06-05,6.1,18,1435,33.3,9.4
108,서울,2017-06-06,10.2,36,1402,60,12.7
108,서울,2017-06-07,16,78,1842,91.4,18.3
108,서울,2017-06-08,13.3,38,1404,67.3,15.3
108,서울,2017-06-09,15.2,50,1334,69.8,17.3
108,서울,2017-06-10,7,14,1610,46.8,10.8
108,서울,2017-06-11,5.1,17,1504,33.8,8.8
108,서울,2017-06-12,9.1,25,1403,45.5,11.7
108,서울,2017-06-13,13.9,44,1525,63,15.9
108,서울,2017-06-14,13.9,38,1622,63,15.9
108,서울,2017-06-15,14.8,30,1423,62.4,16.8
108,서울,2017-06-16,15.2,31,1502,55.8,17.3
108,서울,2017-06-17,13.2,30,1519,52.3,15.3
108,서울,2017-06-18,12.8,25,1421,52,14.9
108,서울,2017-06-19,12.8,27,1752,50.9,14.9
108,서울,2017-06-20,12,26,1313,43.4,14.1
108,서울,2017-06-21,14.3,30,1214,52.6,16.4
108,서울,2017-06-22,15.7,36,1807,57.3,17.9
108,서울,2017-06-23,15.8,25,1248,53,17.9
108,서울,2017-06-24,15.8,40,1141,60.4,18.2
108,서울,2017-06-25,18.9,48,1333,75.4,21.8
108,서울,2017-06-26,18.3,43,1501,76.9,21.1
108,서울,2017-06-27,18.4,44,1243,67.5,21.2
108,서울,2017-06-28,18.3,44,1324,63.5,21
108,서울,2017-06-29,18.5,40,1523,64.8,21.3
108,서울,2017-06-30,18.6,40,1451,65.9,21.5
108,서울,2017-07-01,19.9,45,1413,73.6,23.3
108,서울,2017-07-02,22.6,81,1227,90.5,27.4
108,서울,2017-07-03,22.3,69,1316,87.6,27
108,서울,2017-07-04,21.4,51,1249,74.5,25.6
108,서울,2017-07-05,20.3,43,1409,66.9,23.8
108,서울,2017-07-06,21.5,39,1503,72.3,25.9
108,서울,2017-07-07,22.7,70,831,80.8,27.7
108,서울,2017-07-08,22.8,76,1525,83.3,27.8
108,서울,2017-07-09,24,66,1254,88,29.8
108,서울,2017-07-10,23.4,88,636,96.5,28.7
108,서울,2017-07-11,22.2,54,1547,81.4,26.9
108,서울,2017-07-12,22.2,54,1516,75.9,26.8
108,서울,2017-07-13,21.5,51,1313,71,25.7
108,서울,2017-07-14,22.1,49,1530,68.4,26.6
108,서울,2017-07-15,22.9,75,1113,89,28
108,서울,2017-07-16,22.9,64,1210,83.4,27.9
108,서울,2017-07-17,22.3,65,1058,77.3,26.9
108,서울,2017-07-18,22.7,60,1648,80.6,27.5
108,서울,2017-07-19,22.3,47,1425,71.4,26.9
108,서울,2017-07-20,22.6,46,1551,66.1,27.4
108,서울,2017-07-21,24.4,61,1401,73.1,30.5
108,서울,2017-07-22,24.4,59,1501,75.8,30.6
108,서울,2017-07-23,25,80,1,89.5,31.7
108,서울,2017-07-24,22.9,71,1618,82.3,27.9
108,서울,2017-07-25,21.3,38,1550,64.1,25.4
108,서울,2017-07-26,18.6,43,1359,55.6,21.5
108,서울,2017-07-27,19,45,950,62.5,22.1
108,서울,2017-07-28,24,86,2116,92.1,29.9
108,서울,2017-07-29,21.6,60,1635,72.3,25.8
108,서울,2017-07-30,20.3,42,1545,64.4,23.8
108,서울,2017-07-31,22.4,72,1,82.3,27.1
108,서울,2017-08-01,22.9,51,1431,73,28
108,서울,2017-08-02,24.2,55,1244,71.9,30.2
108,서울,2017-08-03,21.3,37,1436,60.6,25.4
108,서울,2017-08-04,21.4,38,1732,60.1,25.6
108,서울,2017-08-05,23.3,52,1215,63,28.7
108,서울,2017-08-06,24,54,1600,71.9,29.9
108,서울,2017-08-07,22.2,37,1608,68.1,26.9
108,서울,2017-08-08,21.2,43,1757,67.1,25.3
108,서울,2017-08-09,20.5,42,1523,66.4,24.1
108,서울,2017-08-10,23,83,1155,89.9,28.1
108,서울,2017-08-11,21.4,45,1514,72.5,25.5
108,서울,2017-08-12,19.1,43,1346,60.3,22.2
108,서울,2017-08-13,18.3,53,1752,62.1,21.1
108,서울,2017-08-14,18.1,60,1,67.5,20.9
108,서울,2017-08-15,20.8,68,117,93.8,24.5
108,서울,2017-08-16,19.6,67,1429,80.5,22.8
108,서울,2017-08-17,20.4,65,1303,77.1,24
108,서울,2017-08-18,21.4,54,1624,75.6,25.5
108,서울,2017-08-19,21.4,64,1443,75.8,25.4
108,서울,2017-08-20,22.4,79,1,95.6,27.1
108,서울,2017-08-21,22.2,65,1629,81.5,26.9
108,서울,2017-08-22,21.1,49,1714,70.6,25.1
108,서울,2017-08-23,24.2,73,1440,84.1,30.3
108,서울,2017-08-24,23.7,79,1758,85.3,29.4
108,서울,2017-08-25,16.2,19,1539,61.9,19
108,서울,2017-08-26,13.4,24,1259,54.5,15.7
108,서울,2017-08-27,14.9,44,1434,62,17
108,서울,2017-08-28,15.9,35,1157,73.1,18.2
108,서울,2017-08-29,8.3,32,1401,51.4,11.4
108,서울,2017-08-30,10.3,33,136,55.8,13.2
108,서울,2017-08-31,14,33,1630,62.4,16
108,서울,2017-09-01,13.3,31,1237,56,15.3
108,서울,2017-09-02,14.8,33,1421,59,16.9
108,서울,2017-09-03,16.2,36,1613,64,18.4
108,서울,2017-09-04,13.7,28,1442,53.8,15.8
108,서울,2017-09-05,14.3,51,1551,62.4,16.4
108,서울,2017-09-06,16.1,61,1306,75.5,18.3
108,서울,2017-09-07,17.1,52,1421,73.3,19.7
108,서울,2017-09-08,17,30,1509,67.5,19.6
108,서울,2017-09-09,17.6,43,1737,70.1,20.1
108,서울,2017-09-10,18,56,1530,74.3,20.7
108,서울,2017-09-11,17.3,59,1628,79.8,19.8
108,서울,2017-09-12,12.8,29,1916,58.6,15.2
108,서울,2017-09-13,9.7,30,1400,49.3,12.1
108,서울,2017-09-14,10.5,28,1248,48.8,12.7
108,서울,2017-09-15,10.7,33,1521,48.4,13
108,서울,2017-09-16,11.2,39,1348,50.9,13.3
108,서울,2017-09-17,12.2,34,1416,51.3,14.2
108,서울,2017-09-18,14,36,1359,62.8,16.1
108,서울,2017-09-19,18.7,66,941,79.1,21.7
108,서울,2017-09-20,7.9,29,1532,48.9,10.8
108,서울,2017-09-21,10.5,29,1508,57.3,12.8
108,서울,2017-09-22,12.3,34,1531,60.8,14.4
108,서울,2017-09-23,15.7,40,1839,69.8,17.9
108,서울,2017-09-24,16.8,53,1427,71.5,19.2
108,서울,2017-09-25,14,35,1404,58,16
108,서울,2017-09-26,15.5,36,1349,57,17.6
108,서울,2017-09-27,16,53,617,66.4,18.3
108,서울,2017-09-28,7.1,20,1159,49.1,10.6
108,서울,2017-09-29,2.6,20,918,39.3,7.5
108,서울,2017-09-30,12.9,49,1443,64.9,15.2
108,서울,2017-10-01,13.4,50,1235,74.8,15.4
108,서울,2017-10-02,13.6,34,1515,62.3,15.6
108,서울,2017-10-03,6.8,41,926,49.8,10.1
108,서울,2017-10-04,5.5,32,1404,48.5,9.1
108,서울,2017-10-05,9.6,43,1306,56.4,12
108,서울,2017-10-06,12.2,44,1055,66.4,14.3
108,서울,2017-10-07,15.2,42,1458,67.6,17.3
108,서울,2017-10-08,16.2,42,1324,66.9,18.4
108,서울,2017-10-09,15.4,34,1719,66,17.6
108,서울,2017-10-10,17,56,1346,76.9,19.4
108,서울,2017-10-11,11.3,55,1715,77.1,13.8
108,서울,2017-10-12,5.9,,,71,9.3
108,서울,2017-10-13,2.3,31,1410,51,7.3
108,서울,2017-10-14,.8,21,1427,42.8,6.6
108,서울,2017-10-15,2.7,22,1515,42.5,7.5
108,서울,2017-10-16,5,25,1629,47.6,8.8
108,서울,2017-10-17,4.4,26,1525,47.1,8.5
108,서울,2017-10-18,8.2,43,1147,58.8,10.9
108,서울,2017-10-19,8.1,32,1434,58.3,10.8
108,서울,2017-10-20,8,30,1322,58.6,10.8
108,서울,2017-10-21,6.8,25,1406,52.8,9.9
108,서울,2017-10-22,5.5,33,1112,50.4,9
108,서울,2017-10-23,2.1,30,1426,47,7.2
108,서울,2017-10-24,4.6,30,1504,54.3,8.6
108,서울,2017-10-25,5.7,26,1522,59,9.2
108,서울,2017-10-26,5.4,31,1612,56.5,9
108,서울,2017-10-27,7.1,32,1535,54.4,10.1
108,서울,2017-10-28,6.7,29,1341,51.9,9.9
108,서울,2017-10-29,-.8,25,2128,45.6,6.5
108,서울,2017-10-30,-10.4,16,1540,27.4,2.8
108,서울,2017-10-31,1.2,32,1019,54.3,7
108,서울,2017-11-01,9.3,51,1452,72.4,11.8
108,서울,2017-11-02,11.7,62,1215,78.8,13.8
108,서울,2017-11-03,5.8,41,1642,66,9.9
108,서울,2017-11-04,-2.9,30,2136,47.9,5
108,서울,2017-11-05,-1.2,35,1153,52.5,5.8
108,서울,2017-11-06,4.6,41,1333,64.5,8.5
108,서울,2017-11-07,6.7,42,1438,61.4,9.9
108,서울,2017-11-08,2,19,1510,53.3,8.1
108,서울,2017-11-09,-4.5,18,1436,39.6,4.4
108,서울,2017-11-10,1.1,38,1006,56.3,7.2
108,서울,2017-11-11,-5.9,29,1441,42.9,4
108,서울,2017-11-12,-2.8,34,1325,57.1,5
108,서울,2017-11-13,1.8,44,1300,64.4,7.2
108,서울,2017-11-14,-4.8,25,1103,42.5,4.4
108,서울,2017-11-15,-10,26,1216,38.3,2.9
108,서울,2017-11-16,-15.3,15,1517,30.3,1.9
108,서울,2017-11-17,-10.1,25,1108,39.4,3
108,서울,2017-11-18,-15.1,18,1511,38.5,2
108,서울,2017-11-19,-14.6,20,1414,37.8,2
108,서울,2017-11-20,-8.8,29,1014,55.3,3.3
108,서울,2017-11-21,-7.3,29,1418,55.6,3.5
108,서울,2017-11-22,-4.2,33,1610,54.8,4.6
108,서울,2017-11-23,-9,34,1523,49.3,3.2
108,서울,2017-11-24,-7.2,30,1403,62.5,3.7
108,서울,2017-11-25,-.6,51,9,77.6,6.3
108,서울,2017-11-26,-2,37,1507,71.6,5.5
108,서울,2017-11-27,-6.5,32,1419,53,3.8
108,서울,2017-11-28,-.1,39,1301,64.1,6.2
108,서울,2017-11-29,-7.8,25,1423,48.3,4
108,서울,2017-11-30,-19.6,13,1248,26.8,1.3
108,서울,2017-12-01,-12.5,21,1038,49.4,2.7
108,서울,2017-12-02,-5.6,34,1344,59.9,4.1
108,서울,2017-12-03,2.2,57,6,83.1,7.2
108,서울,2017-12-04,-11.6,22,1542,48.1,2.9
108,서울,2017-12-05,-16.4,24,1047,40.1,1.8
108,서울,2017-12-06,-4.7,28,1410,72.6,4.5
108,서울,2017-12-07,-5.9,32,1404,64.5,4.2
108,서울,2017-12-08,-15.4,24,1512,41.3,1.9
108,서울,2017-12-09,-10.9,29,1441,46.1,2.7
108,서울,2017-12-10,-4.6,39,2356,67.9,4.6
108,서울,2017-12-11,-18.3,29,1420,40.5,1.5
108,서울,2017-12-12,-20.1,27,1621,41.9,1.2
108,서울,2017-12-13,-19.7,24,1408,42,1.3
108,서울,2017-12-14,-17.4,28,1342,42.9,1.6
108,서울,2017-12-15,-11.7,34,1503,52.6,2.6
108,서울,2017-12-16,-17.1,21,1313,43.1,1.7
108,서울,2017-12-17,-18.9,23,1205,38.1,1.4
108,서울,2017-12-18,-4.7,47,22,80,4.4
108,서울,2017-12-19,-13.5,22,1321,49.4,2.2
108,서울,2017-12-20,-9.2,41,1310,68,3.2
108,서울,2017-12-21,-5.9,36,1217,71.4,4
108,서울,2017-12-22,-2.3,53,1304,66.6,5.2
108,서울,2017-12-23,2.1,62,1404,75.8,7.1
108,서울,2017-12-24,.1,62,2245,82,6.3
108,서울,2017-12-25,-13.3,26,1451,43.1,2.3
108,서울,2017-12-26,-16.2,14,1609,41.8,2
108,서울,2017-12-27,-21.5,16,1339,31.4,1.1
108,서울,2017-12-28,-12.4,21,607,47,2.6
108,서울,2017-12-29,-3.5,51,1423,67,4.8
108,서울,2017-12-30,-1.9,59,1306,79.5,5.4
108,서울,2017-12-31,-9.7,22,1434,54.4,3.2
108,서울,2018-01-01,-13.9,19,1203,39.1,2.1
108,서울,2018-01-02,-14.1,19,1357,42,2.2
108,서울,2018-01-03,-15.8,28,1539,42.3,1.8
108,서울,2018-01-04,-15.6,31,1312,43,1.8
108,서울,2018-01-05,-12.5,32,1504,48.4,2.4
108,서울,2018-01-06,-13.3,26,1310,45.8,2.2
108,서울,2018-01-07,-12.3,30,1425,42.1,2.4
108,서울,2018-01-08,-8.1,30,1149,51.9,3.4
108,서울,2018-01-09,-11.1,43,1224,59.4,2.7
108,서울,2018-01-10,-16.1,29,1555,52,1.8
108,서울,2018-01-11,-19.6,37,1253,49.8,1.3
108,서울,2018-01-12,-22.9,20,1601,35.4,1
108,서울,2018-01-13,-9.8,39,1,67.3,3
108,서울,2018-01-14,-5.6,48,1558,64.1,4
108,서울,2018-01-15,-2,33,1541,63.9,5.4
108,서울,2018-01-16,-3.9,35,1344,59.1,4.6
108,서울,2018-01-17,-1.8,49,1107,64.1,5.4
108,서울,2018-01-18,-5.5,33,1451,59.6,4.3
108,서울,2018-01-19,-10.6,20,1038,43,2.8
108,서울,2018-01-20,-5.3,42,1558,57.6,4.2
108,서울,2018-01-21,-13.6,16,1550,36.6,2.2
108,서울,2018-01-22,-8.8,25,1104,56.5,3.5
108,서울,2018-01-23,-22.4,24,1104,42,1.1
108,서울,2018-01-24,-27.6,23,1632,31.6,.7
108,서울,2018-01-25,-27,22,1342,32.6,.7
108,서울,2018-01-26,-27,26,1402,34.9,.7
108,서울,2018-01-27,-22,23,1350,37.4,1.1
108,서울,2018-01-28,-19.2,19,1355,36,1.4
108,서울,2018-01-29,-21.5,21,1218,35,1.1
108,서울,2018-01-30,-12,26,1046,62,2.8
108,서울,2018-01-31,-11.3,29,1505,54.5,2.7
108,서울,2018-02-01,-15,22,1401,44.1,1.9
108,서울,2018-02-02,-11.7,24,1544,51.1,2.5
108,서울,2018-02-03,-17.1,29,1502,47,1.7
108,서울,2018-02-04,-20.7,26,1612,40.9,1.2
108,서울,2018-02-05,-21.5,23,1357,37.8,1.1
108,서울,2018-02-06,-22.4,23,1556,36.5,1
108,서울,2018-02-07,-20.1,17,1640,39.8,1.2
108,서울,2018-02-08,-15.7,23,1409,43.3,1.8
108,서울,2018-02-09,-11.1,23,1442,43.9,2.8
108,서울,2018-02-10,-12.1,13,1843,47.4,3.1
108,서울,2018-02-11,-17.3,20,950,42.5,1.7
108,서울,2018-02-12,-17.5,23,1000,40.8,1.7
108,서울,2018-02-13,-9.1,37,1210,54.5,3.2
108,서울,2018-02-14,-6.3,27,2030,51,4.1
108,서울,2018-02-15,-17.4,14,1354,28,1.6
108,서울,2018-02-16,-13.7,15,1308,40.1,2.3
108,서울,2018-02-17,-20.6,14,1432,25.6,1.2
108,서울,2018-02-18,-17.7,15,1435,26.9,1.6
108,서울,2018-02-19,-8.2,33,1521,48.6,3.4
108,서울,2018-02-20,-13,17,1446,41,2.5
108,서울,2018-02-21,-17.1,13,1410,31.5,1.7
108,서울,2018-02-22,-6,41,1023,59,4
108,서울,2018-02-23,1,52,1429,81.1,6.6
108,서울,2018-02-24,-8.3,17,1345,49.4,3.6
108,서울,2018-02-25,-10.8,16,1315,40.6,2.7
108,서울,2018-02-26,-9.3,23,1458,43.1,3
108,서울,2018-02-27,-5.7,36,1234,48.8,4.1
108,서울,2018-02-28,-.2,47,1217,73.3,6.1
108,서울,2018-03-01,-7.3,33,1555,61.9,3.9
108,서울,2018-03-02,-15.2,18,1619,34,1.9
108,서울,2018-03-03,-7.5,13,1336,38.1,4
108,서울,2018-03-04,7.9,79,1938,89.1,10.7
108,서울,2018-03-05,-.5,37,1613,67.5,6
108,서울,2018-03-06,-7,24,1500,46.8,3.7
108,서울,2018-03-07,-2.7,34,1426,54,5.1
108,서울,2018-03-08,.6,50,1419,76,6.4
108,서울,2018-03-09,-2,37,1601,63.3,5.3
108,서울,2018-03-10,-1.7,30,1440,65.8,5.5
108,서울,2018-03-11,-4.4,19,1402,51.3,4.6
108,서울,2018-03-12,-3.3,30,1225,45.8,4.9
108,서울,2018-03-13,4.6,39,955,60.5,9
108,서울,2018-03-14,8.5,37,1504,58.8,11.1
108,서울,2018-03-15,11,67,36,92.1,13.3
108,서울,2018-03-16,-3.9,29,1557,46.9,4.6
108,서울,2018-03-17,-4.2,22,1448,48,4.6
108,서울,2018-03-18,-.4,28,1549,55.9,6
108,서울,2018-03-19,1.2,41,2348,64.5,6.9
108,서울,2018-03-20,-7.8,32,1135,39.9,3.4
108,서울,2018-03-21,-4.6,33,1023,64.1,4.5
108,서울,2018-03-22,-2.7,27,1322,61.5,5
108,서울,2018-03-23,-3,19,1532,55.3,4.9
108,서울,2018-03-24,.3,38,858,61.9,6.5
108,서울,2018-03-25,2.7,33,1424,65.6,7.5
108,서울,2018-03-26,3.3,30,1628,64.5,7.8
108,서울,2018-03-27,5.6,36,1013,61.1,9.3
108,서울,2018-03-28,7.5,42,1552,66.4,10.4
108,서울,2018-03-29,8.6,36,1629,66.3,11.2
108,서울,2018-03-30,4.8,24,1154,55.6,8.8
108,서울,2018-03-31,3.6,27,1432,52.9,8
108,서울,2018-04-01,9.7,50,1115,68.8,12.3
108,서울,2018-04-02,11,41,1336,64,13.1
108,서울,2018-04-03,12.6,50,1412,72.9,14.7
108,서울,2018-04-04,6.7,40,1355,67,10.1
108,서울,2018-04-05,6,61,1,90.6,9.4
108,서울,2018-04-06,.7,40,1806,71.6,6.7
108,서울,2018-04-07,-7.3,17,1316,45.5,3.7
108,서울,2018-04-08,-4.1,25,1325,59.6,4.7
108,서울,2018-04-09,-2,21,1413,57.9,5.4
108,서울,2018-04-10,4.3,26,1055,51,9
108,서울,2018-04-11,.9,20,1612,49.4,6.9
108,서울,2018-04-12,-5.3,12,1838,30.5,4.3
108,서울,2018-04-13,-6.9,13,1233,22.9,3.7
108,서울,2018-04-14,5.1,24,44,78.8,8.9
108,서울,2018-04-15,3.1,46,1258,65.5,7.6
108,서울,2018-04-16,-1.8,20,1657,41.9,5.4
108,서울,2018-04-17,-1.7,21,1345,37.9,5.4
108,서울,2018-04-18,-3.3,14,1145,35.4,4.9
108,서울,2018-04-19,-.8,15,1342,38.8,5.9
108,서울,2018-04-20,5.8,26,1356,46,9.3
108,서울,2018-04-21,-1.2,8,1241,32,6
108,서울,2018-04-22,6.1,29,1412,57.4,9.7
108,서울,2018-04-23,8.3,85,123,93.9,10.9
108,서울,2018-04-24,4.8,36,1909,63.3,8.8
108,서울,2018-04-25,-.7,18,1533,37.8,5.9
108,서울,2018-04-26,4.3,22,1435,51.9,8.3
108,서울,2018-04-27,5.5,27,1457,52.9,9.1
108,서울,2018-04-28,3.4,24,1432,49,8
108,서울,2018-04-29,2.7,22,1517,43.1,7.4
108,서울,2018-04-30,11.3,42,1257,61.6,13.6
108,서울,2018-05-01,15.2,58,1015,72.8,17.3
108,서울,2018-05-02,13.5,75,4,90.4,15.8
108,서울,2018-05-03,3.8,45,1024,62.4,8.1
108,서울,2018-05-04,1.8,25,1447,45.5,7
108,서울,2018-05-05,6.1,27,1451,46.8,9.6
108,서울,2018-05-06,14.1,60,1743,86.4,16.1
108,서울,2018-05-07,10.1,26,1740,60.3,12.5
108,서울,2018-05-08,6.8,36,1529,50.9,10
108,서울,2018-05-09,5,31,1630,50.4,8.8
108,서울,2018-05-10,8.9,44,1343,67.4,11.5
108,서울,2018-05-11,7.6,36,1749,59.8,10.5
108,서울,2018-05-12,12.3,50,55,89.3,14.4
108,서울,2018-05-13,12.5,61,1516,82.5,14.5
108,서울,2018-05-14,12.4,45,1737,71.4,14.5
108,서울,2018-05-15,13.3,31,1423,56.4,15.5
108,서울,2018-05-16,21.1,62,3,93.8,25.1
108,서울,2018-05-17,20.4,80,1335,97,24
108,서울,2018-05-18,13.9,66,2324,86.8,16.3
108,서울,2018-05-19,5.6,31,1642,47.5,9.1
108,서울,2018-05-20,-.2,22,1604,32.1,6.1
108,서울,2018-05-21,4.7,24,953,43.9,9.1
108,서울,2018-05-22,13.4,48,1150,75.5,15.5
108,서울,2018-05-23,7.7,27,1443,57.1,10.7
108,서울,2018-05-24,6.2,24,911,47.4,9.6
108,서울,2018-05-25,6.9,22,1333,47.4,10.1
108,서울,2018-05-26,10,27,1239,50.1,12.3
108,서울,2018-05-27,8.3,30,1003,47.4,11
108,서울,2018-05-28,11,34,1408,49.8,13.2
108,서울,2018-05-29,15.3,50,1408,69.3,17.5
108,서울,2018-05-30,14.1,35,1715,69.8,16.2
108,서울,2018-05-31,11.8,35,1504,58.9,13.9
108,서울,2018-06-01,12.1,30,1403,50.4,14.1
108,서울,2018-06-02,9.6,20,1344,44.5,12
108,서울,2018-06-03,8.1,19,1452,39.4,10.8
108,서울,2018-06-04,11.3,27,1251,50.1,13.6
108,서울,2018-06-05,12.7,31,1343,52.5,14.7
108,서울,2018-06-06,15.2,44,1521,62.9,17.4
108,서울,2018-06-07,15.7,37,1605,69.3,17.9
108,서울,2018-06-08,15.3,47,1516,68,17.5
108,서울,2018-06-09,14.9,35,1355,60.6,17
108,서울,2018-06-10,12.9,47,1253,59.9,14.9
108,서울,2018-06-11,13.5,45,955,67.3,15.7
108,서울,2018-06-12,14,40,1522,65.5,16
108,서울,2018-06-13,14.7,46,1348,64,16.7
108,서울,2018-06-14,16.6,55,1506,74.9,19
108,서울,2018-06-15,13.1,38,1533,60.8,15.2
108,서울,2018-06-16,12.9,36,1403,56.4,15.1
108,서울,2018-06-17,16.1,43,1410,66.9,18.2
108,서울,2018-06-18,14.4,31,1532,54.9,16.4
108,서울,2018-06-19,14.2,41,1343,61.3,16.2
108,서울,2018-06-20,16.1,41,1516,68.1,18.3
108,서울,2018-06-21,14.9,32,1316,60.1,17
108,서울,2018-06-22,10.4,20,1437,45.1,12.9
108,서울,2018-06-23,12.9,28,1135,50.6,15.3
108,서울,2018-06-24,16.3,28,1424,62.8,18.8
108,서울,2018-06-25,17,31,1437,57.1,19.5
108,서울,2018-06-26,19.9,47,214,88.3,23.5
108,서울,2018-06-27,18.9,65,1443,81.9,21.8
108,서울,2018-06-28,20.5,61,1112,85.1,24.1
108,서울,2018-06-29,20.4,56,1404,78.5,24
108,서울,2018-06-30,21.4,65,1405,83.8,25.5
108,서울,2018-07-01,20.9,84,338,94.6,24.8
108,서울,2018-07-02,21.8,84,1811,95.4,26.1
108,서울,2018-07-03,22,47,1638,74.4,26.4
108,서울,2018-07-04,21,51,1605,69.6,24.9
108,서울,2018-07-05,19.9,58,1303,72.8,23.4
108,서울,2018-07-06,15,49,1402,57.8,17.1
108,서울,2018-07-07,12.9,42,1335,51.4,14.9
108,서울,2018-07-08,12.5,36,1455,51.5,14.6
108,서울,2018-07-09,17.4,61,1,82.3,20
108,서울,2018-07-10,21.4,74,1244,87.8,25.6
108,서울,2018-07-11,23.4,66,1357,82.9,28.9
108,서울,2018-07-12,23.2,73,1333,82.4,28.5
108,서울,2018-07-13,22.2,58,1729,74.8,26.8
108,서울,2018-07-14,21.5,51,1609,69.6,25.7
108,서울,2018-07-15,21.8,46,1422,69.6,26.2
108,서울,2018-07-16,20.7,40,1414,64.3,24.4
108,서울,2018-07-17,20.9,45,1412,66.5,24.7
108,서울,2018-07-18,20.4,41,1551,64.8,24.1
108,서울,2018-07-19,20.5,40,1455,64.1,24.3
108,서울,2018-07-20,21.1,41,1623,62.6,25
108,서울,2018-07-21,19.3,29,1605,53.6,22.5
108,서울,2018-07-22,19.3,30,1528,49.6,22.4
108,서울,2018-07-23,21,41,1451,53.8,25
108,서울,2018-07-24,22.3,40,1256,59.5,27
108,서울,2018-07-25,22.9,50,1459,66.3,28
108,서울,2018-07-26,23.6,51,1307,68.8,29.1
108,서울,2018-07-27,24.3,48,1300,69.3,30.3
108,서울,2018-07-28,25,53,1319,77.1,31.6
108,서울,2018-07-29,19.7,32,1559,52.4,23.1
108,서울,2018-07-30,20,35,1621,50.9,23.4
108,서울,2018-07-31,20.5,32,1443,50.5,24.2
108,서울,2018-08-01,22.9,35,1253,55.5,28
108,서울,2018-08-02,22.9,38,1354,54.4,28
108,서울,2018-08-03,22.6,39,1415,55.3,27.4
108,서울,2018-08-04,22.2,46,1543,60.6,26.9
108,서울,2018-08-05,24,50,1341,71.8,29.9
108,서울,2018-08-06,24.6,49,1638,71.6,30.9
108,서울,2018-08-07,22.5,43,1604,63.4,27.3
108,서울,2018-08-08,23,35,1657,64.8,28.2
108,서울,2018-08-09,24.1,58,1514,76.3,30
108,서울,2018-08-10,21.8,37,1546,60.9,26.1
108,서울,2018-08-11,20.7,34,1724,55.8,24.5
108,서울,2018-08-12,21.8,39,1329,61.3,26.3
108,서울,2018-08-13,23.7,47,1515,68.6,29.3
108,서울,2018-08-14,22,34,1314,58.3,26.5
108,서울,2018-08-15,22.3,34,1321,59.5,27
108,서울,2018-08-16,18.2,36,1506,51,21.3
108,서울,2018-08-17,11.7,25,1445,39.8,13.8
108,서울,2018-08-18,13.1,28,1505,44.6,15.2
108,서울,2018-08-19,16.4,29,1426,50.6,18.7
108,서울,2018-08-20,19.1,41,1229,55.6,22.1
108,서울,2018-08-21,20.7,49,1447,71.4,24.4
108,서울,2018-08-22,19.6,34,1425,54.1,22.8
108,서울,2018-08-23,20.3,48,1142,59.1,23.9
108,서울,2018-08-24,21.8,73,1103,86.3,26.2
108,서울,2018-08-25,18.6,50,1335,68,21.5
108,서울,2018-08-26,17,41,1124,70,19.4
108,서울,2018-08-27,21.1,82,1626,91,25
108,서울,2018-08-28,22.4,72,1024,92.4,27.1
108,서울,2018-08-29,22.5,72,1144,86,27.3
108,서울,2018-08-30,21.6,62,1242,80.9,25.9
108,서울,2018-08-31,18.5,40,1319,67.4,21.4
108,서울,2018-09-01,16.4,38,1612,59.4,18.7
108,서울,2018-09-02,15.3,38,1212,55.8,17.6
108,서울,2018-09-03,20.5,67,1,85.3,24.1
108,서울,2018-09-04,16.7,43,1617,69.4,19.2
108,서울,2018-09-05,16,36,1615,63.5,18.3
108,서울,2018-09-06,17.9,42,1312,69.9,20.5
108,서울,2018-09-07,11.9,32,1727,54.6,14.2
108,서울,2018-09-08,9.9,29,1329,48.8,12.2
108,서울,2018-09-09,10.2,26,1425,49,12.5
108,서울,2018-09-10,11.5,33,1428,49.5,13.5
108,서울,2018-09-11,9.9,37,1248,48.1,12.3
108,서울,2018-09-12,12.1,39,1540,52,14.3
108,서울,2018-09-13,15.9,45,1525,63.5,18.1
108,서울,2018-09-14,16.7,51,1230,66.9,19
108,서울,2018-09-15,18.7,61,1222,76,21.6
108,서울,2018-09-16,19.2,58,1228,83.6,22.2
108,서울,2018-09-17,14.5,32,1445,64.3,16.7
108,서울,2018-09-18,13.4,33,1550,59.8,15.4
108,서울,2018-09-19,13.4,34,1439,59.1,15.4
108,서울,2018-09-20,15.8,57,18,82.4,18
108,서울,2018-09-21,16.9,72,1445,85.8,19.2
108,서울,2018-09-22,12.2,24,1412,62.3,14.6
108,서울,2018-09-23,8.9,27,1429,52.9,11.6
108,서울,2018-09-24,5.9,27,1620,48.3,9.4
108,서울,2018-09-25,5.8,23,1512,48,9.3
108,서울,2018-09-26,7.7,32,1344,47.9,10.6
108,서울,2018-09-27,7.2,28,1605,47.6,10.2
108,서울,2018-09-28,9.1,45,1553,58.1,11.6
108,서울,2018-09-29,10.3,31,1453,55.5,12.6
108,서울,2018-09-30,7,27,1544,52.5,10.4
108,서울,2018-10-01,6.1,32,1420,55.1,9.5
108,서울,2018-10-02,7.9,35,1249,61.4,10.7
108,서울,2018-10-03,8.2,33,1350,58,10.9
108,서울,2018-10-04,9.9,34,1138,56.5,12.2
108,서울,2018-10-05,13.9,55,536,84.1,16.1
108,서울,2018-10-06,15.1,56,1545,84,17.2
108,서울,2018-10-07,5.9,29,1628,53.5,9.8
108,서울,2018-10-08,2.8,21,1539,47,7.5
108,서울,2018-10-09,5.2,33,1227,52.5,8.9
108,서울,2018-10-10,4.1,38,1347,61,8.7
108,서울,2018-10-11,-.4,31,1157,51,5.9
108,서울,2018-10-12,1.4,32,1318,54,6.8
108,서울,2018-10-13,2.5,26,1358,54,7.4
108,서울,2018-10-14,4.8,28,1411,60,8.7
108,서울,2018-10-15,9.3,40,1525,69.9,11.8
108,서울,2018-10-16,5,27,1345,55.9,8.8
108,서울,2018-10-17,1.9,16,1524,53.3,7.2
108,서울,2018-10-18,4.5,37,1459,59.5,8.4
108,서울,2018-10-19,3.2,28,1546,54.3,7.7
108,서울,2018-10-20,3.2,19,1624,53.9,7.7
108,서울,2018-10-21,2,21,1249,49.5,7.1
108,서울,2018-10-22,3.2,29,1359,50,7.7
108,서울,2018-10-23,7.8,61,1,75.1,10.7
108,서울,2018-10-24,5.7,37,1349,66,9.2
108,서울,2018-10-25,4.1,28,1451,55.5,8.2
108,서울,2018-10-26,7.5,55,45,74.1,10.5
108,서울,2018-10-27,-1.6,30,1503,49.6,5.5
108,서울,2018-10-28,4.4,53,14,77.1,8.5
108,서울,2018-10-29,-.9,37,1351,57.3,5.8
108,서울,2018-10-30,-3.6,31,1453,51.3,4.8
108,서울,2018-10-31,-1.4,33,1306,55.4,5.5
108,서울,2018-11-01,-1.1,28,1419,53.4,5.6
108,서울,2018-11-02,1.2,29,1431,54.9,6.7
108,서울,2018-11-03,1.9,21,1534,56,7.1
108,서울,2018-11-04,1.9,23,1526,55,7.1
108,서울,2018-11-05,5.1,35,1416,65.5,8.8
108,서울,2018-11-06,6.8,49,1338,70.5,9.9
108,서울,2018-11-07,9.2,67,1355,79.5,11.7
108,서울,2018-11-08,10.8,70,1,93.8,13
108,서울,2018-11-09,6.3,46,1218,69,9.6
108,서울,2018-11-10,5.8,34,1511,69.1,9.3
108,서울,2018-11-11,2.2,47,1927,67.6,7.3
108,서울,2018-11-12,-1.5,31,1215,52.3,5.5
108,서울,2018-11-13,-1,33,1454,51.6,5.7
108,서울,2018-11-14,.7,27,1422,55.5,6.5
108,서울,2018-11-15,.6,29,1501,55.4,6.4
108,서울,2018-11-16,2.4,44,1100,65.1,7.3
108,서울,2018-11-17,-5.1,29,1220,50.8,4.2
108,서울,2018-11-18,-4,33,1027,48.8,4.6
108,서울,2018-11-19,-3.5,30,1426,50.4,4.8
108,서울,2018-11-20,-7.3,16,1347,39.9,3.7
108,서울,2018-11-21,-2.6,27,1024,57.1,5.3
108,서울,2018-11-22,-11.9,19,1021,35,2.5
108,서울,2018-11-23,-14.7,15,1328,29.6,2
108,서울,2018-11-24,-3.4,25,600,71.1,5.2
108,서울,2018-11-25,.9,49,1329,77.8,6.6
108,서울,2018-11-26,.8,41,1510,70.1,6.5
108,서울,2018-11-27,.3,31,2235,65,6.6
108,서울,2018-11-28,-13,12,1248,27.1,2.3
108,서울,2018-11-29,-8.8,26,1029,41.4,3.3
108,서울,2018-11-30,-8.6,16,1406,46.1,3.3
108,서울,2018-12-01,-6.6,24,1449,42.3,3.8
108,서울,2018-12-02,-1.7,44,1211,50.1,5.5
108,서울,2018-12-03,9.1,47,16,87.4,11.9
108,서울,2018-12-04,2.1,42,2049,74.9,7.9
108,서울,2018-12-05,-12.2,25,1323,39.5,2.4
108,서울,2018-12-06,-7,31,1549,50.5,3.7
108,서울,2018-12-07,-20,20,1140,37.1,1.3
108,서울,2018-12-08,-21,20,834,37.1,1.2
108,서울,2018-12-09,-23.2,16,1416,27,1
108,서울,2018-12-10,-17,18,1353,33.3,1.7
108,서울,2018-12-11,-10.8,24,1149,44.8,2.8
108,서울,2018-12-12,-14.9,20,1517,39,2
108,서울,2018-12-13,-9.8,33,1601,57.4,3
108,서울,2018-12-14,-15,29,1345,44.3,1.9
108,서울,2018-12-15,-12.7,28,1314,46.8,2.3
108,서울,2018-12-16,-6.1,53,650,63.8,3.9
108,서울,2018-12-17,-5.9,31,1345,60.1,4
108,서울,2018-12-18,-5.4,35,1709,56.3,4.1
108,서울,2018-12-19,-5.8,17,1443,53.4,4.2
108,서울,2018-12-20,-7.7,27,1338,45.5,3.4
108,서울,2018-12-21,-7.2,28,1151,40.1,3.6
108,서울,2018-12-22,-3.5,26,1444,48.9,4.7
108,서울,2018-12-23,-9.5,21,1443,43,3.2
108,서울,2018-12-24,-16.1,16,1505,35.9,1.8
108,서울,2018-12-25,-8.2,33,1217,53.4,3.6
108,서울,2018-12-26,-14.7,17,1534,40.8,2.4
108,서울,2018-12-27,-25.8,16,1012,28.3,.8
108,서울,2018-12-28,-23.9,23,1549,33,.9
108,서울,2018-12-29,-22.9,18,1409,29,1
108,서울,2018-12-30,-19.8,23,1519,35.9,1.3
108,서울,2018-12-31,-17.8,16,1439,39.6,1.6
108,서울,2019-01-01,-14.1,34,2038,49.5,2.1
108,서울,2019-01-02,-16.1,20,1406,42.8,1.7
108,서울,2019-01-03,-16.3,18,1425,38.8,1.8
108,서울,2019-01-04,-9.3,34,1114,55.5,3.3
108,서울,2019-01-05,-15.5,20,1500,40.3,2
108,서울,2019-01-06,-16.5,19,1514,35,1.7
108,서울,2019-01-07,-12.2,28,1341,46.4,2.4
108,서울,2019-01-08,-18.6,20,1500,31,1.4
108,서울,2019-01-09,-20.3,17,1511,28.8,1.2
108,서울,2019-01-10,-10.8,27,1132,48.8,3
108,서울,2019-01-11,-5.2,39,1440,58.8,4.2
108,서울,2019-01-12,-7.4,32,1433,47.6,3.5
108,서울,2019-01-13,-7.8,21,1432,54.3,3.5
108,서울,2019-01-14,-3.8,50,1434,68.6,4.6
108,서울,2019-01-15,-9.2,30,1558,58.8,3.3
108,서울,2019-01-16,-15.8,17,1408,45.9,1.9
108,서울,2019-01-17,-11.9,19,1353,45.8,2.6
108,서울,2019-01-18,-10.8,21,1247,44,2.9
108,서울,2019-01-19,-3.6,44,1611,59.8,4.7
108,서울,2019-01-20,-14.6,19,1629,38.5,2.2
108,서울,2019-01-21,-8.5,40,1,57.8,3.4
108,서울,2019-01-22,-4.9,42,1247,62,4.3
108,서울,2019-01-23,-9.7,17,1734,48.9,3.3
108,서울,2019-01-24,-14.5,11,1525,34.9,2
108,서울,2019-01-25,-17.9,18,1539,27.6,1.6
108,서울,2019-01-26,-17.7,20,1500,30.9,1.5
108,서울,2019-01-27,-9,28,1116,52.5,3.3
108,서울,2019-01-28,-12.4,17,1522,40.4,2.7
108,서울,2019-01-29,-14.1,18,1559,35.5,2.1
108,서울,2019-01-30,-6.6,39,1007,54.6,3.9
108,서울,2019-01-31,-18.4,18,1420,29,1.6
108,서울,2019-02-01,-11.9,27,1114,47.6,2.6
108,서울,2019-02-02,-5.6,46,1623,60,4
108,서울,2019-02-03,2.2,53,1,92.9,7.2
108,서울,2019-02-04,-13,17,1558,40.4,2.3
108,서울,2019-02-05,-11.3,17,1357,37.1,2.6
108,서울,2019-02-06,-3.7,34,1129,54.9,5
108,서울,2019-02-07,-13.6,18,1331,45.5,2.7
108,서울,2019-02-08,-20.4,18,1344,31.5,1.2
108,서울,2019-02-09,-20.6,20,1510,30,1.2
108,서울,2019-02-10,-19.5,22,1325,31.3,1.3
108,서울,2019-02-11,-16.7,19,1641,34.9,1.7
108,서울,2019-02-12,-14.5,22,1741,35.5,2.1
108,서울,2019-02-13,-19.1,15,1314,26.6,1.4
108,서울,2019-02-14,-18.7,16,1359,24.3,1.4
108,서울,2019-02-15,-5.5,30,303,72.8,4.2
108,서울,2019-02-16,-9.7,38,1533,59,2.9
108,서울,2019-02-17,-12.1,23,1322,47.4,2.5
108,서울,2019-02-18,-10.7,27,1251,43.5,2.7
108,서울,2019-02-19,-1.7,36,56,80.8,5.5
108,서울,2019-02-20,-3.7,48,1556,67.8,4.7
108,서울,2019-02-21,-5.3,32,1550,59.4,4.2
108,서울,2019-02-22,-4.7,28,1352,56.1,4.3
108,서울,2019-02-23,-7.3,15,1611,41,3.6
108,서울,2019-02-24,-5.7,20,1422,45,4.1
108,서울,2019-02-25,-4.6,26,1513,55.8,4.5
108,서울,2019-02-26,-10.7,16,1435,32.8,2.8
108,서울,2019-02-27,-8.3,21,1645,31.3,3.3
108,서울,2019-02-28,-6.5,24,1418,39.5,3.8
108,서울,2019-03-01,-5.9,22,1435,42.3,4
108,서울,2019-03-02,-6.6,19,1322,37.6,3.7
108,서울,2019-03-03,-5.6,15,1414,36.4,4.1
108,서울,2019-03-04,-2.2,19,1450,46.1,5.3
108,서울,2019-03-05,2.1,40,1529,66.3,7.1
108,서울,2019-03-06,-.2,43,1538,55,6.1
108,서울,2019-03-07,-2.9,26,1603,51.1,5
108,서울,2019-03-08,-7.2,17,1708,39.4,3.6
108,서울,2019-03-09,-10.1,10,1650,31.8,2.9
108,서울,2019-03-10,-9.5,12,1142,26.4,3.1
108,서울,2019-03-11,-.7,38,1234,61,5.9
108,서울,2019-03-12,-5.8,21,1705,55.1,4.6
108,서울,2019-03-13,-10,14,1345,38.5,2.9
108,서울,2019-03-14,-6.8,18,1335,45.3,3.9
108,서울,2019-03-15,0,24,1505,72.8,6.3
108,서울,2019-03-16,-1.1,38,1323,69.9,5.6
108,서울,2019-03-17,-3,24,1400,55.4,5
108,서울,2019-03-18,-5.6,20,1354,43.8,4.1
108,서울,2019-03-19,-.2,20,1107,52,6.5
108,서울,2019-03-20,6.4,42,1409,79,9.7
108,서울,2019-03-21,3.2,49,1625,77.4,8.1
108,서울,2019-03-22,-9.5,20,1603,40.9,3
108,서울,2019-03-23,-7.3,25,1650,46.9,3.7
108,서울,2019-03-24,-6.9,27,1053,45.4,3.7
108,서울,2019-03-25,-1,43,1805,56.1,5.7
108,서울,2019-03-26,.4,23,1659,51.1,6.4
108,서울,2019-03-27,5.2,44,126,66.4,8.9
108,서울,2019-03-28,-1.9,16,1326,49.9,5.6
108,서울,2019-03-29,-6.5,17,1407,33.1,3.8
108,서울,2019-03-30,.2,35,1512,72,6.3
108,서울,2019-03-31,-7.1,20,1637,46,3.8
108,서울,2019-04-01,-8.4,15,1242,39.8,3.4
108,서울,2019-04-02,-8,15,1519,36.9,3.4
108,서울,2019-04-03,-7.3,14,1546,36.1,3.6
108,서울,2019-04-04,-3.7,21,1511,43,4.7
108,서울,2019-04-05,-4.1,13,1249,41,5.1
108,서울,2019-04-06,-4.5,21,1,39.9,4.7
108,서울,2019-04-07,-2.1,12,1536,43.1,5.6
108,서울,2019-04-08,-8,10,1612,25.6,3.4
108,서울,2019-04-09,-3.4,16,1427,49.1,5.2
108,서울,2019-04-10,3.5,61,1810,78.4,7.9
108,서울,2019-04-11,.8,17,1532,58,6.5
108,서울,2019-04-12,-.4,19,1336,48.5,6
108,서울,2019-04-13,-5.4,14,1410,34,4.2
108,서울,2019-04-14,-2.9,20,1838,45.5,5.4
108,서울,2019-04-15,-6.2,13,1354,30.9,3.9
108,서울,2019-04-16,-6.6,10,1456,26.3,3.9
108,서울,2019-04-17,0,16,948,37.5,6.6
108,서울,2019-04-18,7.9,55,1309,74.4,10.8
108,서울,2019-04-19,4.7,31,1718,57.5,8.6
108,서울,2019-04-20,7.8,40,1431,66.9,10.8
108,서울,2019-04-21,10.6,53,1651,77.8,12.9
108,서울,2019-04-22,7.2,18,1333,50.6,10.2
108,서울,2019-04-23,9.8,36,1405,52,12.2
108,서울,2019-04-24,13.4,42,1503,70.4,15.4
108,서울,2019-04-25,8.5,51,949,75.9,11.2
108,서울,2019-04-26,5.4,65,2339,82.1,9.1
108,서울,2019-04-27,1.3,25,1453,52.6,6.7
108,서울,2019-04-28,2,33,1445,48.8,7.1
108,서울,2019-04-29,3.3,36,1746,52.9,7.8
108,서울,2019-04-30,5.2,29,1413,52.8,8.8
108,서울,2019-05-01,5.1,28,2119,48.9,9
108,서울,2019-05-02,-2,14,1436,28.5,5.3
108,서울,2019-05-03,2,17,1606,37.5,7.2
108,서울,2019-05-04,4.2,18,1716,40.4,8.3
108,서울,2019-05-05,1.8,12,1500,35.8,7.2
108,서울,2019-05-06,-5.3,12,1224,27.1,4.3
108,서울,2019-05-07,-1.5,16,1345,33.4,5.5
108,서울,2019-05-08,4.3,31,1536,48.3,8.4
108,서울,2019-05-09,2.3,19,1328,43.3,7.5
108,서울,2019-05-10,5.7,28,1442,48,9.2
108,서울,2019-05-11,5.2,22,1410,39,9
108,서울,2019-05-12,5.3,24,1506,36,9
108,서울,2019-05-13,5.5,29,906,43.4,9.1
108,서울,2019-05-14,6.4,24,1312,44.5,9.7
108,서울,2019-05-15,8.6,23,1355,48.1,11.2
108,서울,2019-05-16,9.5,25,1447,43.8,11.9
108,서울,2019-05-17,10.4,31,1126,44.9,12.7
108,서울,2019-05-18,10.6,38,946,46.8,12.8
108,서울,2019-05-19,18.1,55,1,93,20.9
108,서울,2019-05-20,8.8,33,1238,63.6,11.8
108,서울,2019-05-21,6.2,22,1420,52,9.6
108,서울,2019-05-22,6.2,19,1418,46,9.6
108,서울,2019-05-23,8.1,16,1727,45,11
108,서울,2019-05-24,11.4,27,1455,46.4,13.6
108,서울,2019-05-25,9.7,15,1331,45.6,12.3
108,서울,2019-05-26,8.6,21,1205,39,11.3
108,서울,2019-05-27,14.2,42,3,80.9,16.5
108,서울,2019-05-28,5.2,20,1755,45.9,8.9
108,서울,2019-05-29,7.7,21,1447,48.4,10.6
108,서울,2019-05-30,7.8,31,1052,48,10.7
108,서울,2019-05-31,8,35,1236,49.6,10.7
108,서울,2019-06-01,10.7,40,1516,60.5,12.9
108,서울,2019-06-02,6.2,22,1200,42.1,9.6
108,서울,2019-06-03,9.4,27,1543,42.9,11.9
108,서울,2019-06-04,12.8,34,1102,56.4,14.9
108,서울,2019-06-05,15.3,38,1257,63.8,17.3
108,서울,2019-06-06,16.5,56,1243,75.9,18.8
108,서울,2019-06-07,15.4,50,1823,77.3,17.6
108,서울,2019-06-08,12.5,28,1329,57.5,14.5
108,서울,2019-06-09,14.7,47,1059,66.1,16.8
108,서울,2019-06-10,12.4,49,1739,70.3,14.5
108,서울,2019-06-11,9.7,32,1532,51.1,12.1
108,서울,2019-06-12,12.2,40,1630,57.1,14.2
108,서울,2019-06-13,11.9,33,1549,51.9,13.9
108,서울,2019-06-14,12.8,30,1459,54.8,14.8
108,서울,2019-06-15,13.7,37,1542,61.5,15.7
108,서울,2019-06-16,12,34,1438,55.4,14.1
108,서울,2019-06-17,13,35,1642,59.1,15
108,서울,2019-06-18,16.7,54,1139,78.6,19
108,서울,2019-06-19,17.2,55,1410,77.8,19.6
108,서울,2019-06-20,16.7,45,1424,70.6,19
108,서울,2019-06-21,16.9,55,1451,72.9,19.2
108,서울,2019-06-22,9.8,25,1449,42.3,12.1
108,서울,2019-06-23,10.2,28,1408,40.4,12.5
108,서울,2019-06-24,12.6,28,1303,46.9,14.6
108,서울,2019-06-25,13.2,24,1432,49.1,15.3
108,서울,2019-06-26,14.9,34,1532,52.6,17
108,서울,2019-06-27,19.3,39,1412,70.5,22.4
108,서울,2019-06-28,18.1,49,2236,67.3,20.9
108,서울,2019-06-29,17.5,44,1610,72,20
108,서울,2019-06-30,18.6,47,1147,73.5,21.5
108,서울,2019-07-01,16.2,36,1547,64.4,18.5
108,서울,2019-07-02,16.4,33,1423,63.5,18.7
108,서울,2019-07-03,16.6,46,1728,64.6,19
108,서울,2019-07-04,15.5,27,1352,59.6,17.9
108,서울,2019-07-05,12.9,24,1437,42.1,15
108,서울,2019-07-06,14.2,24,1415,40.9,16.2
108,서울,2019-07-07,12.7,28,1436,43.3,14.7
108,서울,2019-07-08,12.6,32,1451,46.6,14.6
108,서울,2019-07-09,12.3,32,1256,46.4,14.3
108,서울,2019-07-10,14.9,41,1132,64.1,17.1
108,서울,2019-07-11,17.4,58,1311,76.9,19.9
108,서울,2019-07-12,16.5,44,1445,65.5,18.7
108,서울,2019-07-13,18.1,43,1514,67.3,20.7
108,서울,2019-07-14,18.1,38,1334,64.6,20.8
108,서울,2019-07-15,19.9,59,1104,80,23.3
108,서울,2019-07-16,20.5,52,1536,79,24.1
108,서울,2019-07-17,20.4,54,1518,73.9,23.9
108,서울,2019-07-18,19.5,41,1514,65,22.6
108,서울,2019-07-19,19.9,37,1432,61.3,23.2
108,서울,2019-07-20,21,50,1531,66.9,25
108,서울,2019-07-21,22.7,74,1820,87.1,27.7
108,서울,2019-07-22,21.6,54,1704,74.6,25.7
108,서울,2019-07-23,22,48,1526,70.8,26.4
108,서울,2019-07-24,23.1,75,1,82.3,28.2
108,서울,2019-07-25,24.5,79,1,90.1,30.8
108,서울,2019-07-26,24.2,91,1557,95.3,30.2
108,서울,2019-07-27,23.5,48,1442,76.6,29
108,서울,2019-07-28,23.9,77,16,88.3,29.7
108,서울,2019-07-29,22.5,63,1718,74.5,27.2
108,서울,2019-07-30,23.2,64,1159,75.3,28.5
108,서울,2019-07-31,24.2,79,16,91.1,30.1
108,서울,2019-08-01,23.7,66,1137,86.4,29.3
108,서울,2019-08-02,23.1,48,1455,74.6,28.3
108,서울,2019-08-03,22.7,39,1406,69,27.6
108,서울,2019-08-04,23.2,48,1443,75.9,28.6
108,서울,2019-08-05,22.7,38,1339,65.5,27.6
108,서울,2019-08-06,19.8,31,1452,51.4,23.2
108,서울,2019-08-07,22.6,51,1,78.1,27.4
108,서울,2019-08-08,22.9,52,1347,71.4,27.9
108,서울,2019-08-09,23.2,46,1551,69,28.4
108,서울,2019-08-10,21.6,40,1623,57.9,25.9
108,서울,2019-08-11,19.4,34,1547,53.6,22.6
108,서울,2019-08-12,25,79,452,91.8,31.8
108,서울,2019-08-13,24.3,43,1555,76.9,30.4
108,서울,2019-08-14,22.2,42,1337,63.9,26.8
108,서울,2019-08-15,22.3,61,202,82,27.1
108,서울,2019-08-16,20.8,59,1813,74.5,24.6
108,서울,2019-08-17,19.6,45,1746,69.5,23
108,서울,2019-08-18,18.4,37,1402,66.5,21.2
108,서울,2019-08-19,17.5,35,1631,60.6,20
108,서울,2019-08-20,18.3,39,1443,56.3,21.1
108,서울,2019-08-21,20.1,49,1059,67.3,23.7
108,서울,2019-08-22,19.5,36,1353,66.5,22.7
108,서울,2019-08-23,16.8,28,1321,58.4,19.3
108,서울,2019-08-24,15.9,46,1843,60.9,18.2
108,서울,2019-08-25,17.9,43,1335,66.6,20.5
108,서울,2019-08-26,18.4,34,1557,63.8,21.2
108,서울,2019-08-27,19.5,44,1646,71.1,22.9
108,서울,2019-08-28,18.9,37,1514,66.2,21.9
108,서울,2019-08-29,19,54,1722,77.1,22
108,서울,2019-08-30,15.6,42,1258,66.3,17.8
108,서울,2019-08-31,16.1,38,1625,65,18.3
108,서울,2019-09-01,15.9,37,1359,64,18.1
108,서울,2019-09-02,14.7,34,1358,56.6,16.7
108,서울,2019-09-03,17.5,50,1259,67.6,20
108,서울,2019-09-04,20.7,73,547,89,24.6
108,서울,2019-09-05,21.3,66,1209,91.4,25.4
108,서울,2019-09-06,21.4,63,1348,79.8,25.6
108,서울,2019-09-07,20.2,58,1035,72.9,23.7
108,서울,2019-09-08,20.2,62,1025,76.9,23.6
108,서울,2019-09-09,20,55,1534,74.3,23.4
108,서울,2019-09-10,22.5,73,1,93.4,27.3
108,서울,2019-09-11,18.4,54,1304,71.4,21.3
108,서울,2019-09-12,15.5,56,1049,72.3,17.7
108,서울,2019-09-13,14.6,34,1538,60.4,16.7
108,서울,2019-09-14,18.5,61,1108,80,21.5
108,서울,2019-09-15,18.1,40,1540,70.4,20.8
108,서울,2019-09-16,13.4,28,1410,53,15.6
108,서울,2019-09-17,9.3,24,1411,41.6,11.7
108,서울,2019-09-18,8.3,27,1623,46,11.3
108,서울,2019-09-19,7.5,32,1609,46.5,10.5
108,서울,2019-09-20,9.6,39,1336,52.8,12
108,서울,2019-09-21,11.6,48,1210,60.3,13.7
108,서울,2019-09-22,11.4,54,2321,63.4,13.5
108,서울,2019-09-23,9.2,33,1308,51.1,11.7
108,서울,2019-09-24,11.4,31,1412,61.3,13.5
108,서울,2019-09-25,13.4,34,1425,64.4,15.5
108,서울,2019-09-26,13.7,31,1408,59.3,15.8
108,서울,2019-09-27,13.6,35,1324,57.5,15.6
108,서울,2019-09-28,14.7,35,1345,58.9,16.8
108,서울,2019-09-29,13.7,28,1621,60.6,15.8
108,서울,2019-09-30,13.6,29,1336,61,15.7
108,서울,2019-10-01,16.4,46,1123,67.1,18.7
108,서울,2019-10-02,19.4,66,1107,88,22.5
108,서울,2019-10-03,17,45,1624,73.4,19.4
108,서울,2019-10-04,16.8,50,1537,71.5,19.1
108,서울,2019-10-05,13.5,59,1439,72.6,15.8
108,서울,2019-10-06,8.2,38,1321,53.4,11
108,서울,2019-10-07,13.4,58,24,92,15.4
108,서울,2019-10-08,5.5,26,1345,58.8,9.5
108,서울,2019-10-09,2.2,23,1324,48.3,7.2
108,서울,2019-10-10,7.4,39,1321,60.9,10.4
108,서울,2019-10-11,10.2,30,1542,60,12.5
108,서울,2019-10-12,6.7,34,1319,49.3,9.8
108,서울,2019-10-13,7,32,1450,52.6,10
108,서울,2019-10-14,5.3,33,1606,56.9,9.2
108,서울,2019-10-15,5.4,38,1401,55.6,9.1
108,서울,2019-10-16,5.7,32,1427,58.3,9.2
108,서울,2019-10-17,6.1,31,1533,56,9.4
108,서울,2019-10-18,8.5,43,1302,58.3,11.2
108,서울,2019-10-19,9.5,38,1524,63.8,12
108,서울,2019-10-20,10.5,38,1538,70.3,12.7
108,서울,2019-10-21,8.6,28,1443,61,11.3
108,서울,2019-10-22,8.8,35,1346,56.1,11.3
108,서울,2019-10-23,8.2,42,1332,57.3,10.9
108,서울,2019-10-24,6.7,33,1445,47.6,9.8
108,서울,2019-10-25,7.9,34,1215,58,10.8
108,서울,2019-10-26,2.3,39,1312,60,7.2
108,서울,2019-10-27,2.7,34,1059,59,7.5
108,서울,2019-10-28,6.1,39,1132,65.9,9.5
108,서울,2019-10-29,4.5,32,1530,61,8.6
108,서울,2019-10-30,3.3,37,1509,60.3,7.8
108,서울,2019-10-31,9.9,55,1211,73.8,12.5
108,서울,2019-11-01,5.2,25,1503,57.9,9.4
108,서울,2019-11-02,5.1,45,1456,57.3,8.9
108,서울,2019-11-03,5.9,36,1452,57.8,9.3
108,서울,2019-11-04,5.1,33,1454,57.8,8.8
108,서울,2019-11-05,5.6,35,1513,65.1,9.1
108,서울,2019-11-06,3.8,29,1422,63.6,8
108,서울,2019-11-07,-4.1,19,1422,42.8,4.9
108,서울,2019-11-08,-9.7,14,1233,31.4,3
108,서울,2019-11-09,-3.7,20,1347,41.4,4.9
108,서울,2019-11-10,1.7,31,1419,59.6,7.1
108,서울,2019-11-11,5.9,47,1435,71.6,9.4
108,서울,2019-11-12,2.3,38,1415,63.6,7.2
108,서울,2019-11-13,2.4,51,2355,72.3,7.6
108,서울,2019-11-14,-14.4,21,551,30.6,2.1
108,서울,2019-11-15,3.3,39,17,87.4,8.1
108,서울,2019-11-16,3.5,46,1529,81.3,7.9
108,서울,2019-11-17,4.6,55,918,79.4,8.7
108,서울,2019-11-18,-2.9,30,1238,59.8,5.4
108,서울,2019-11-19,-9.7,31,933,48,3
108,서울,2019-11-20,-13.7,18,1447,35.5,2.2
108,서울,2019-11-21,-9.3,26,1259,37.4,3.1
108,서울,2019-11-22,-6,16,1351,34.1,4
108,서울,2019-11-23,2.4,39,1450,52,7.3
108,서울,2019-11-24,5.3,49,1053,74.6,9.1
108,서울,2019-11-25,-4.7,48,1241,62.1,4.4
108,서울,2019-11-26,0,42,1439,64,6.1
108,서울,2019-11-27,-6.5,33,1427,50.8,3.8
108,서울,2019-11-28,-5.5,35,1152,52.4,4.1
108,서울,2019-11-29,-10.4,21,1409,42.8,2.8
108,서울,2019-11-30,-7.7,22,1409,42.6,3.4
108,서울,2019-12-01,1.3,51,1,79.4,6.8
108,서울,2019-12-02,-10.4,25,1158,48,2.9
108,서울,2019-12-03,-6.2,41,22,61.3,4.1
108,서울,2019-12-04,-10.2,21,1113,41.6,2.9
108,서울,2019-12-05,-18.9,17,1008,31.9,1.4
108,서울,2019-12-06,-19.4,19,1203,34.5,1.4
108,서울,2019-12-07,-8.2,48,9,65,3.4
108,서울,2019-12-08,-7,30,1347,65.1,3.6
108,서울,2019-12-09,-4.6,48,1439,56.8,4.5
108,서울,2019-12-10,5.1,65,1,82.3,8.8
108,서울,2019-12-11,-.8,36,1243,62,6.3
108,서울,2019-12-12,-11.4,23,1515,45.4,2.6
108,서울,2019-12-13,-6.6,35,1219,53.6,3.9
108,서울,2019-12-14,-5.1,36,1526,58.3,4.3
108,서울,2019-12-15,-3.9,36,1417,52.5,4.6
108,서울,2019-12-16,0,41,1410,58.9,6.2
108,서울,2019-12-17,4.5,57,1,81.4,8.6
108,서울,2019-12-18,-5.2,46,1442,64.6,4.2
108,서울,2019-12-19,-10.8,29,1357,47.8,2.7
108,서울,2019-12-20,-12.2,19,1447,45.3,2.5
108,서울,2019-12-21,-6.6,42,1105,68.1,4
108,서울,2019-12-22,-2.4,47,1525,63.4,5.1
108,서울,2019-12-23,.3,57,1628,80.4,6.3
108,서울,2019-12-24,-4.8,43,1509,67.9,4.3
108,서울,2019-12-25,-5.2,34,1330,60.8,4.2
108,서울,2019-12-26,-5.4,42,1440,59,4.2
108,서울,2019-12-27,-12.4,23,1441,45.4,2.4
108,서울,2019-12-28,-9,34,1343,47.6,3.1
108,서울,2019-12-29,-5.4,37,1408,52.5,4.2
108,서울,2019-12-30,-2.3,43,2118,70.3,5.5
108,서울,2019-12-31,-19.5,26,1556,39.3,1.3
108,서울,2020-01-01,-8.1,37,2,64.4,3.4
108,서울,2020-01-02,-4.8,54,1212,65.4,4.3
108,서울,2020-01-03,-8.4,26,1430,56.9,3.3
108,서울,2020-01-04,-8.2,32,1457,50.8,3.3
108,서울,2020-01-05,-9.5,28,1518,45.6,3
108,서울,2020-01-06,-3.5,39,430,65.4,5
108,서울,2020-01-07,5.5,93,1031,95,9.1
108,서울,2020-01-08,.3,73,2352,86.1,6.3
108,서울,2020-01-09,-6.9,47,1419,65.3,3.7
108,서울,2020-01-10,-7.1,36,1644,62.9,3.6
108,서울,2020-01-11,-7,35,1431,60.9,3.6
108,서울,2020-01-12,-7.7,38,1508,61.5,3.5
108,서울,2020-01-13,-12.2,28,1607,51,2.5
108,서울,2020-01-14,-13,20,1620,45.3,2.3
108,서울,2020-01-15,-13.4,24,1322,44.8,2.2
108,서울,2020-01-16,-13,24,1427,43,2.3
108,서울,2020-01-17,-11.7,27,1437,43.9,2.5
108,서울,2020-01-18,-10,17,1622,48.1,2.9
108,서울,2020-01-19,-4.5,42,1551,62.8,4.4
108,서울,2020-01-20,-9.7,24,1216,46.8,3
108,서울,2020-01-21,-13.9,19,1418,36.9,2.1
108,서울,2020-01-22,-10.9,22,1422,36,2.7
108,서울,2020-01-23,-5.4,32,1408,49.3,4.1
108,서울,2020-01-24,-3.7,43,1526,63,4.6
108,서울,2020-01-25,-2.2,49,1102,63.1,5.2
108,서울,2020-01-26,-3.2,31,1425,56.3,4.8
108,서울,2020-01-27,-4.5,35,1531,48.1,4.5
108,서울,2020-01-28,-3.3,37,1329,49.4,4.8
108,서울,2020-01-29,-4.8,35,1623,46.4,4.3
108,서울,2020-01-30,-5.4,30,1255,47,4.1
108,서울,2020-01-31,-3.3,41,1333,59.6,4.8
108,서울,2020-02-01,-3.2,43,1526,66.6,4.9
108,서울,2020-02-02,-7.8,24,1834,52.3,3.4
108,서울,2020-02-03,-11.8,23,1359,43.6,2.6
108,서울,2020-02-04,-11,32,1122,50.3,2.9
108,서울,2020-02-05,-20.4,27,1458,37.3,1.2
108,서울,2020-02-06,-19.2,19,1411,36.4,1.4
108,서울,2020-02-07,-12.9,14,1128,45.1,2.5
108,서울,2020-02-08,-10.1,29,1523,48.1,2.9
108,서울,2020-02-09,-9.8,24,1358,51.1,3
108,서울,2020-02-10,-6.5,25,1439,49.4,3.8
108,서울,2020-02-11,-7.9,17,1634,37,3.4
108,서울,2020-02-12,2.1,31,49,73.4,7.6
108,서울,2020-02-13,4,69,1523,84.8,8.2
108,서울,2020-02-14,2.5,41,1515,70.3,7.3
108,서울,2020-02-15,2.4,37,1251,63,7.4
108,서울,2020-02-16,-4.3,59,1850,81.1,4.6
108,서울,2020-02-17,-11.6,52,1516,64.3,2.6
108,서울,2020-02-18,-14.8,27,1529,44,2
108,서울,2020-02-19,-6.9,35,1232,56.8,3.7
108,서울,2020-02-20,-2.4,35,1457,62.6,5.1
108,서울,2020-02-21,.5,40,1340,66.3,6.5
108,서울,2020-02-22,-3.1,40,1430,62,5.1
108,서울,2020-02-23,-7.9,25,1157,48.6,3.4
108,서울,2020-02-24,-2.4,35,1410,51.8,5.2
108,서울,2020-02-25,2.1,58,1656,73.5,7.2
108,서울,2020-02-26,-1.1,39,1645,59.6,5.6
108,서울,2020-02-27,-3,27,1514,54,4.9
108,서울,2020-02-28,1,43,1021,79.4,6.7
108,서울,2020-02-29,1.7,41,1621,68.6,6.9
108,서울,2020-03-01,1,58,1159,71.8,6.6
108,서울,2020-03-02,-5.2,33,1439,55.3,4.2
108,서울,2020-03-03,-3.2,35,1254,57,4.9
108,서울,2020-03-04,-6.5,32,1439,53.4,3.9
108,서울,2020-03-05,-8.9,25,1415,47.5,3.1
108,서울,2020-03-06,-7.8,16,1540,46.8,3.5
108,서울,2020-03-07,-6.5,18,1302,39.5,3.8
108,서울,2020-03-08,-3.5,20,1240,43.8,4.7
108,서울,2020-03-09,-3.5,20,1158,37.6,4.7
108,서울,2020-03-10,2.6,40,1,78.4,7.6
108,서울,2020-03-11,-8.4,24,1254,41.8,3.3
108,서울,2020-03-12,-4.3,19,1525,49.8,4.6
108,서울,2020-03-13,-8.7,18,1516,41,3.6
108,서울,2020-03-14,-6.9,25,1100,48.1,3.9
108,서울,2020-03-15,-7.3,19,1344,48.3,3.8
108,서울,2020-03-16,-8.8,17,1418,42.4,3.2
108,서울,2020-03-17,.5,50,1521,65.8,6.4
108,서울,2020-03-18,-3.5,16,1549,45.8,4.9
108,서울,2020-03-19,-1.3,27,1,49,5.8
108,서울,2020-03-20,-5.6,15,1425,39.6,4.2
108,서울,2020-03-21,4,36,1433,56.5,8.4
108,서울,2020-03-22,-5.8,13,1403,37.5,4.5
108,서울,2020-03-23,-3.6,20,1544,37.9,4.8
108,서울,2020-03-24,-4.4,15,1341,35,4.4
108,서울,2020-03-25,-3.7,17,1403,33.6,4.7
108,서울,2020-03-26,4.2,24,1150,53.8,8.9
108,서울,2020-03-27,1.8,27,1653,56.4,8.1
108,서울,2020-03-28,-15.8,11,1218,17.9,1.8
108,서울,2020-03-29,-8,16,1443,30.6,3.4
108,서울,2020-03-30,-4.7,14,1344,38.4,4.4
108,서울,2020-03-31,-4.1,15,1313,34.5,4.5
108,서울,2020-04-01,-4.3,17,1709,35.6,4.5
108,서울,2020-04-02,-4.7,15,1503,41.4,4.4
108,서울,2020-04-03,.2,23,1345,53.8,6.3
108,서울,2020-04-04,-9.1,10,1635,36.4,3.9
108,서울,2020-04-05,-11.2,13,1059,29.5,3
108,서울,2020-04-06,-5.1,18,1326,38.3,4.3
108,서울,2020-04-07,1.7,32,2345,56.6,7.1
108,서울,2020-04-08,-10.4,13,1319,25.5,2.8
108,서울,2020-04-09,-2.8,30,1300,44.6,5.1
108,서울,2020-04-10,1,32,1428,52.6,6.6
108,서울,2020-04-11,2.8,39,1449,63.8,7.5
108,서울,2020-04-12,1.6,39,1654,58.6,6.9
108,서울,2020-04-13,-2.6,16,1546,39.4,5.1
108,서울,2020-04-14,.9,23,1324,46.8,6.6
108,서울,2020-04-15,-.7,25,1445,39.8,5.8
108,서울,2020-04-16,1.8,23,1632,39.9,7
108,서울,2020-04-17,8.5,45,1,77.8,11.1
108,서울,2020-04-18,7.2,44,1457,67.9,10.2
108,서울,2020-04-19,7.8,51,1358,75.8,10.6
108,서울,2020-04-20,5.2,56,2029,73,9
108,서울,2020-04-21,-3.4,29,1522,49,5
108,서울,2020-04-22,-4.6,35,1132,46.8,4.4
108,서울,2020-04-23,-3.1,28,1104,47.8,4.9
108,서울,2020-04-24,1.1,29,1058,55.6,6.7
108,서울,2020-04-25,4,45,2033,54.4,8.3
108,서울,2020-04-26,-1,20,1522,43.1,5.8
108,서울,2020-04-27,1.9,25,1400,49.8,7.1
108,서울,2020-04-28,2.8,26,1303,50,7.6
108,서울,2020-04-29,2.9,25,1635,48.6,7.7
108,서울,2020-04-30,8.2,41,8,57.1,11.5
108,서울,2020-05-01,15.1,54,1452,73.6,17.2
108,서울,2020-05-02,16.6,62,1445,79.6,18.9
108,서울,2020-05-03,15.3,46,1549,68.8,17.4
108,서울,2020-05-04,12.9,44,1604,63.9,15
108,서울,2020-05-05,9.9,54,1552,67.9,12.3
108,서울,2020-05-06,7.3,19,1541,50,10.3
108,서울,2020-05-07,3.1,20,1331,32.5,7.7
108,서울,2020-05-08,.7,11,1159,32.8,6.9
108,서울,2020-05-09,13.3,76,3,94.4,15.3
108,서울,2020-05-10,12.4,78,1800,88.6,14.4
108,서울,2020-05-11,7.8,27,1312,61,10.8
108,서울,2020-05-12,8.5,47,1826,69.4,11.1
108,서울,2020-05-13,3.5,24,1520,47.3,8
108,서울,2020-05-14,2.8,20,1347,35.4,7.5
108,서울,2020-05-15,12.2,34,9,81.4,14.5
108,서울,2020-05-16,15,74,1706,90.3,17
108,서울,2020-05-17,15.4,58,1631,80.1,17.5
108,서울,2020-05-18,15.1,46,1436,79.4,17.2
108,서울,2020-05-19,8,52,1652,73.6,10.9
108,서울,2020-05-20,6.6,46,1433,60.4,9.8
108,서울,2020-05-21,8.2,40,1551,56.1,10.9
108,서울,2020-05-22,12.5,55,1554,68.5,14.6
108,서울,2020-05-23,13.2,44,1450,66.1,15.2
108,서울,2020-05-24,14.4,70,1702,84.8,16.4
108,서울,2020-05-25,13.1,62,1408,81,15.1
108,서울,2020-05-26,12.8,47,1348,81.9,14.8
108,서울,2020-05-27,10.9,31,1400,68.5,13.1
108,서울,2020-05-28,10.8,38,1301,62.8,13
108,서울,2020-05-29,13.5,38,1656,65.6,15.5
108,서울,2020-05-30,12.9,29,1534,57.3,15
108,서울,2020-05-31,13.3,39,1337,63,15.4
108,서울,2020-06-01,12,37,1609,64.3,14.2
108,서울,2020-06-02,12.3,43,1526,71,14.4
108,서울,2020-06-03,16.6,47,1609,73.3,18.8
108,서울,2020-06-04,18.2,57,1323,81.1,21
108,서울,2020-06-05,16.6,45,1533,69.4,18.8
108,서울,2020-06-06,16.8,38,1551,63.6,19.1
108,서울,2020-06-07,16.5,44,1457,69.4,18.8
108,서울,2020-06-08,17,40,1446,63.6,19.4
108,서울,2020-06-09,15.4,34,1423,51.6,17.5
108,서울,2020-06-10,17.7,41,1153,63.8,20.5
108,서울,2020-06-11,19.2,38,1528,68.3,22.2
108,서울,2020-06-12,18.4,49,1403,68.6,21.1
108,서울,2020-06-13,15.7,27,1331,52.8,17.9
108,서울,2020-06-14,17.9,41,1306,70.6,20.6
108,서울,2020-06-15,14.5,31,1709,62.3,16.7
108,서울,2020-06-16,16.4,37,1552,63,18.7
108,서울,2020-06-17,15.3,37,1340,58.6,17.4
108,서울,2020-06-18,15.4,47,1419,61.4,17.5
108,서울,2020-06-19,16.5,45,1450,61.4,18.8
108,서울,2020-06-20,16.9,48,1226,62.6,19.3
108,서울,2020-06-21,17,39,1326,59.5,19.3
108,서울,2020-06-22,16.4,26,1627,50.5,18.8
108,서울,2020-06-23,16.8,42,1109,53.5,19.2
108,서울,2020-06-24,19,55,715,83.5,22
108,서울,2020-06-25,19.9,79,1528,91,23.3
108,서울,2020-06-26,18.4,63,1601,82.1,21.2
108,서울,2020-06-27,18.1,52,1446,70.4,20.8
108,서울,2020-06-28,19.1,49,1458,70.5,22.2
108,서울,2020-06-29,19.3,64,1105,77,22.4
108,서울,2020-06-30,16.9,63,1640,83,19.3
108,서울,2020-07-01,17.2,67,1633,79.3,19.7
108,서울,2020-07-02,19.1,51,1606,74.5,22.1
108,서울,2020-07-03,17.2,34,1426,63.5,19.8
108,서울,2020-07-04,16.3,39,1403,63.9,18.6
108,서울,2020-07-05,17.4,52,1305,68.6,19.9
108,서울,2020-07-06,18.7,46,1544,66.6,21.5
108,서울,2020-07-07,19.4,59,1542,75.5,22.5
108,서울,2020-07-08,19.7,52,1638,71.9,22.9
108,서울,2020-07-09,19.7,38,1502,64.6,22.9
108,서울,2020-07-10,19.7,60,1,75,23
108,서울,2020-07-11,17.9,49,1526,62.6,20.5
108,서울,2020-07-12,17.8,58,705,71.9,20.6
108,서울,2020-07-13,17.8,86,107,94.8,20.3
108,서울,2020-07-14,16.4,62,1545,79.4,18.7
108,서울,2020-07-15,15.5,40,1623,63.1,17.7
108,서울,2020-07-16,19.1,55,1256,70.9,22.1
108,서울,2020-07-17,20.3,52,1430,72,23.8
108,서울,2020-07-18,20.4,54,1529,71.6,24
108,서울,2020-07-19,20.5,62,58,81.6,24.2
108,서울,2020-07-20,21.3,77,1654,86.3,25.4
108,서울,2020-07-21,20.4,51,1547,77,23.9
108,서울,2020-07-22,21.7,81,1523,89.3,26
108,서울,2020-07-23,20.3,89,21,95.5,23.9
108,서울,2020-07-24,17.6,61,1655,74.3,20.2
108,서울,2020-07-25,18.2,56,1418,69.3,21
108,서울,2020-07-26,19.2,56,1153,69.3,22.3
108,서울,2020-07-27,21.8,80,1706,86.4,26.1
108,서울,2020-07-28,21.5,71,1221,84.8,25.7
108,서울,2020-07-29,22.9,89,34,95.8,28
108,서울,2020-07-30,22.6,68,1613,85.5,27.4
108,서울,2020-07-31,22.7,69,1136,81.9,27.7
108,서울,2020-08-01,23.6,82,1957,90.9,29.2
108,서울,2020-08-02,24.2,90,2349,96.3,30.3
108,서울,2020-08-03,24.3,89,118,96.3,30.4
108,서울,2020-08-04,25,77,1453,89.3,31.6
108,서울,2020-08-05,25.1,81,1648,92.1,31.8
108,서울,2020-08-06,22.8,83,1735,92.8,27.7
108,서울,2020-08-07,21.5,71,1802,85.3,25.6
108,서울,2020-08-08,22.3,77,1045,89.5,27
108,서울,2020-08-09,24,89,2038,95.4,29.9
108,서울,2020-08-10,25,78,1226,91.6,31.7
108,서울,2020-08-11,23.2,79,1341,92.5,28.5
108,서울,2020-08-12,24.1,68,1421,83.9,30.1
108,서울,2020-08-13,24.6,74,1553,82.4,31
108,서울,2020-08-14,24.6,81,1715,86.1,30.9
108,서울,2020-08-15,25.3,92,1,96,32.3
108,서울,2020-08-16,24.1,66,1448,82.6,29.9
108,서울,2020-08-17,23.8,61,1254,77.9,29.4
108,서울,2020-08-18,22.7,56,1734,76.3,27.5
108,서울,2020-08-19,22.4,61,1440,76.8,27.1
108,서울,2020-08-20,22.8,58,1414,76,27.8
108,서울,2020-08-21,23.5,75,1648,83.1,28.9
108,서울,2020-08-22,21.9,78,1118,87.4,26.4
108,서울,2020-08-23,21,59,1517,78.4,24.9
108,서울,2020-08-24,22,54,1545,71.6,26.5
108,서울,2020-08-25,23.4,49,1434,69.5,28.8
108,서울,2020-08-26,23.4,53,1617,68.3,28.8
108,서울,2020-08-27,24.2,70,31,84.6,30.2
108,서울,2020-08-28,25.3,77,1231,89.1,32.2
108,서울,2020-08-29,25,77,1030,90.1,31.7
108,서울,2020-08-30,24.6,74,1438,88.8,31
108,서울,2020-08-31,22.1,67,1420,77.9,26.6
108,서울,2020-09-01,21.1,62,1321,72.4,25
108,서울,2020-09-02,22.7,79,13,91.3,27.6
108,서울,2020-09-03,19.3,63,1422,82,22.4
108,서울,2020-09-04,15.7,39,1623,63.9,17.8
108,서울,2020-09-05,16.5,53,1820,66.6,18.8
108,서울,2020-09-06,17.9,62,1233,80,20.5
108,서울,2020-09-07,18,84,611,93.5,20.8
108,서울,2020-09-08,17.6,50,1310,71.5,20.2
108,서울,2020-09-09,18,65,1324,83.4,20.7
108,서울,2020-09-10,17.9,49,1645,75.8,20.5
108,서울,2020-09-11,16.9,47,1254,72.6,19.3
108,서울,2020-09-12,17.3,74,1417,83.8,19.7
108,서울,2020-09-13,15.6,52,1541,70.4,17.8
108,서울,2020-09-14,17.4,62,1218,79.3,19.9
108,서울,2020-09-15,18.3,50,1509,76.4,21
108,서울,2020-09-16,18.8,70,1355,79.9,21.7
108,서울,2020-09-17,15.2,47,1433,70.3,17.5
108,서울,2020-09-18,13.4,35,1331,62,15.5
108,서울,2020-09-19,11.9,27,1441,59.3,14.3
108,서울,2020-09-20,10.6,33,1440,57.6,12.8
108,서울,2020-09-21,9.6,33,1612,56.1,12
108,서울,2020-09-22,10.5,35,1354,55.3,12.7
108,서울,2020-09-23,11.1,50,1605,59.9,13.3
108,서울,2020-09-24,12.4,49,1325,59.6,14.4
108,서울,2020-09-25,12.9,49,1441,64.1,14.9
108,서울,2020-09-26,11.7,45,1311,62.5,13.7
108,서울,2020-09-27,12.8,43,1503,63.3,14.8
108,서울,2020-09-28,13.7,40,1433,66,15.7
108,서울,2020-09-29,13.1,43,1248,67.6,15.1
108,서울,2020-09-30,15.3,48,1418,78,17.4
108,서울,2020-10-01,14.1,58,1454,74.9,16.1
108,서울,2020-10-02,15.5,63,1140,79.6,17.7
108,서울,2020-10-03,14.5,46,1525,72.5,16.7
108,서울,2020-10-04,9.8,42,1244,65.1,12.4
108,서울,2020-10-05,4.8,40,1410,57.3,8.6
108,서울,2020-10-06,4.9,34,1420,55.9,8.7
108,서울,2020-10-07,4.6,24,1603,48.9,8.5
108,서울,2020-10-08,7,35,1632,53,10.1
108,서울,2020-10-09,7.5,42,1510,53.4,10.4
108,서울,2020-10-10,8.8,41,1329,60.1,11.3
108,서울,2020-10-11,10.9,52,1156,68.5,13
108,서울,2020-10-12,10,48,2045,68.6,12.5
108,서울,2020-10-13,3.5,30,1608,52.3,7.9
108,서울,2020-10-14,1,20,1350,47,6.9
108,서울,2020-10-15,-1.1,27,1531,41.8,5.7
108,서울,2020-10-16,5.1,48,17,64.3,8.9
108,서울,2020-10-17,5.6,26,1553,64.3,9.2
108,서울,2020-10-18,6.9,40,1557,65.5,10
108,서울,2020-10-19,10.1,38,1559,74.4,12.4
108,서울,2020-10-20,8.5,38,1658,67.1,11.2
108,서울,2020-10-21,8.5,58,1206,69.4,11.1
108,서울,2020-10-22,6.8,40,1520,66,10.2
108,서울,2020-10-23,-1.1,34,1549,51.5,5.6
108,서울,2020-10-24,-2.3,27,1328,47.6,5.3
108,서울,2020-10-25,4,29,1507,62.5,8.3
108,서울,2020-10-26,7.4,42,1408,71.6,10.3
108,서울,2020-10-27,9,39,1456,74.1,11.6
108,서울,2020-10-28,2.8,23,1619,52.1,8.2
108,서울,2020-10-29,-2.6,24,1535,40.3,5.1
108,서울,2020-10-30,-.8,22,1517,42.9,5.8
108,서울,2020-10-31,5.9,51,2,60.3,9.3
108,서울,2020-11-01,10.9,56,1,84.3,13.2
108,서울,2020-11-02,1.7,24,1437,58.3,7.1
108,서울,2020-11-03,-5.4,33,1446,47.5,4.1
108,서울,2020-11-04,-7.1,20,1256,43.9,3.7
108,서울,2020-11-05,2.3,41,1411,61.5,7.3
108,서울,2020-11-06,6.4,49,1145,63.3,9.8
108,서울,2020-11-07,8.4,38,1629,68.8,11.2
108,서울,2020-11-08,-4.6,18,1551,43.8,5
108,서울,2020-11-09,-7.2,23,1221,40.9,3.7
108,서울,2020-11-10,-.9,34,1243,56.1,5.8
108,서울,2020-11-11,-.2,31,1415,53.5,6.1
108,서울,2020-11-12,1.6,30,1405,56.9,6.9
108,서울,2020-11-13,6.9,44,1610,71.5,10
108,서울,2020-11-14,5.8,38,1447,66.9,9.2
108,서울,2020-11-15,6.7,61,1611,75,9.8
108,서울,2020-11-16,6.6,45,1511,70.1,9.8
108,서울,2020-11-17,9.7,52,1405,67.5,12.2
108,서울,2020-11-18,15.1,77,1,91.4,17.2
108,서울,2020-11-19,12,78,2025,90.5,14.9
108,서울,2020-11-20,-1.3,68,1446,74.3,5.6
108,서울,2020-11-21,.7,48,1436,67.9,6.6
108,서울,2020-11-22,2.5,66,1532,80.5,7.4
108,서울,2020-11-23,-5.2,36,1342,61.4,4.2
108,서울,2020-11-24,-5.4,39,1631,54.5,4.1
108,서울,2020-11-25,-1.8,45,1159,64.1,5.4
108,서울,2020-11-26,-.4,42,1424,66.5,5.9
108,서울,2020-11-27,-2.8,44,1535,61.6,5
108,서울,2020-11-28,-9.5,30,1305,50,3
108,서울,2020-11-29,-7.5,52,958,59.6,3.5
108,서울,2020-11-30,-7.8,38,1515,57.8,3.4
108,서울,2020-12-01,-10.1,24,1423,44.5,2.8
108,서울,2020-12-02,-9.5,25,1354,41.4,3
108,서울,2020-12-03,-9.4,36,1410,47.1,3
108,서울,2020-12-04,-9.3,30,1435,53.8,3
108,서울,2020-12-05,-4.2,51,1146,63.1,4.5
108,서울,2020-12-06,-1.3,46,1245,66.9,5.6
108,서울,2020-12-07,-4.5,37,1523,57.5,4.5
108,서울,2020-12-08,-10.1,28,1430,50,2.9
108,서울,2020-12-09,-6.7,35,1158,55.1,3.8
108,서울,2020-12-10,.7,57,57,69.9,6.5
108,서울,2020-12-11,1.4,57,1339,77.1,6.8
108,서울,2020-12-12,-7.1,32,1450,51.3,3.6
108,서울,2020-12-13,-5.1,52,57,74.9,4.4
108,서울,2020-12-14,-16.7,31,1430,49.1,1.7
108,서울,2020-12-15,-18.9,28,1300,43,1.4
108,서울,2020-12-16,-18.7,29,1528,43.9,1.4
108,서울,2020-12-17,-14.9,24,1507,47,2
108,서울,2020-12-18,-9.7,34,1928,57,3
108,서울,2020-12-19,-15.5,26,1151,45.1,1.9
108,서울,2020-12-20,-13,29,1149,50.4,2.3
108,서울,2020-12-21,-7.2,40,1225,64.1,3.6
108,서울,2020-12-22,-3.7,42,1449,67.6,4.7
108,서울,2020-12-23,.6,62,1321,76.6,6.5
108,서울,2020-12-24,-4.4,35,1213,61.5,4.6
108,서울,2020-12-25,-9.7,34,1059,51.9,3
108,서울,2020-12-26,-3.7,49,1455,65.8,4.7
108,서울,2020-12-27,-.9,48,1457,62.9,5.8
108,서울,2020-12-28,1.7,45,1618,72.1,6.9
108,서울,2020-12-29,-4.7,40,2040,70.8,4.6
108,서울,2020-12-30,-18.1,41,1525,55.5,1.5
108,서울,2020-12-31,-16.6,42,1244,53.9,1.7
108,서울,2021-01-01,-10.2,50,1140,64,2.9
108,서울,2021-01-02,-17.1,29,1419,38.5,1.6
108,서울,2021-01-03,-15.9,28,1219,45,1.8
108,서울,2021-01-04,-12.2,38,1136,51.4,2.5
108,서울,2021-01-05,-14.2,30,1145,52.8,2.2
108,서울,2021-01-06,-15.9,24,1503,54.6,1.9
108,서울,2021-01-07,-22.7,35,1447,49.9,1
108,서울,2021-01-08,-24.5,35,1349,44,.9
108,서울,2021-01-09,-21.5,35,1207,46.3,1.1
108,서울,2021-01-10,-15.6,37,1351,54.4,1.9
108,서울,2021-01-11,-12.8,50,1441,62.1,2.3
108,서울,2021-01-12,-7,61,1221,79.5,3.8
108,서울,2021-01-13,-1.3,63,2341,80.3,5.7
108,서울,2021-01-14,-9.2,26,1514,46.5,3.1
108,서울,2021-01-15,-1.3,42,248,67.4,5.9
108,서울,2021-01-16,-11.8,34,1529,59.3,2.6
108,서울,2021-01-17,-12.7,29,1230,58.5,2.5
108,서울,2021-01-18,-10.1,30,1621,64.3,3.1
108,서울,2021-01-19,-18.9,19,1604,37.9,1.4
108,서울,2021-01-20,-13.1,24,1600,37.8,2.3
108,서울,2021-01-21,-2.5,36,115,64.4,5.5
108,서울,2021-01-22,4.4,89,1549,92.9,8.4
108,서울,2021-01-23,1.4,49,1506,66,6.8
108,서울,2021-01-24,.6,43,1504,63.9,6.4
108,서울,2021-01-25,.5,37,1646,62,6.4
108,서울,2021-01-26,2.1,64,12,80.4,7.1
108,서울,2021-01-27,-9.1,20,1314,47.6,3.2
108,서울,2021-01-28,-11.2,35,1644,52.3,2.8
108,서울,2021-01-29,-20.1,29,1216,40,1.3
108,서울,2021-01-30,-8.5,39,1648,60,3.3
108,서울,2021-01-31,-4.9,35,1351,57,4.3
108,서울,2021-02-01,.6,45,2343,74.5,6.9
108,서울,2021-02-02,-16.1,28,1103,44.1,1.8
108,서울,2021-02-03,-9.1,43,1146,64.6,3.3
108,서울,2021-02-04,-12.8,29,1515,50.1,2.3
108,서울,2021-02-05,-3.2,60,45,71.8,5
108,서울,2021-02-06,3.6,72,1423,80.4,8
108,서울,2021-02-07,-2.9,29,1724,67,5.4
108,서울,2021-02-08,-14,29,1328,43.6,2.1
108,서울,2021-02-09,-10,28,1401,51.9,2.9
108,서울,2021-02-10,-.7,63,1517,75.1,5.9
108,서울,2021-02-11,.4,47,1610,71.5,6.3
108,서울,2021-02-12,-1.3,29,1632,60.6,5.6
108,서울,2021-02-13,-2.8,24,1409,50.6,5
108,서울,2021-02-14,-1.3,31,1414,47.6,5.6
108,서울,2021-02-15,-4.9,36,1606,65.1,4.6
108,서울,2021-02-16,-12.4,32,1719,57.9,2.4
108,서울,2021-02-17,-18.5,32,1427,44.1,1.4
108,서울,2021-02-18,-16,34,1437,44.9,1.8
108,서울,2021-02-19,-4,49,1227,66.9,5
108,서울,2021-02-20,.3,25,1755,60.4,6.5
108,서울,2021-02-21,4.5,47,1536,66.6,8.4
108,서울,2021-02-22,-.6,25,1700,58.3,6.5
108,서울,2021-02-23,-14.3,21,1547,34,2
108,서울,2021-02-24,-12.2,20,1626,33,2.4
108,서울,2021-02-25,-10.1,25,1606,35.1,2.8
108,서울,2021-02-26,-7,18,1418,35,3.7
108,서울,2021-02-27,-1.1,32,1557,48.6,5.7
108,서울,2021-02-28,-2.4,38,1601,49,5.1
108,서울,2021-03-01,3.1,44,18,91,7.7
108,서울,2021-03-02,-1.7,45,1654,75.9,5.4
108,서울,2021-03-03,-2.5,36,1630,64.4,5.1
108,서울,2021-03-04,.3,48,1602,62.4,6.3
108,서울,2021-03-05,3.3,44,1520,70.3,7.8
108,서울,2021-03-06,1,49,1232,69.5,6.7
108,서울,2021-03-07,-.5,37,1511,62.9,5.9
108,서울,2021-03-08,-.8,32,1437,60.3,5.8
108,서울,2021-03-09,-1.6,31,1812,58.5,5.5
108,서울,2021-03-10,.9,28,1509,61.8,6.5
108,서울,2021-03-11,-.6,22,1602,50.8,5.9
108,서울,2021-03-12,2.1,39,1234,57,7.2
108,서울,2021-03-13,2,42,1338,62.8,7.1
108,서울,2021-03-14,3.9,48,1617,71.4,8.1
108,서울,2021-03-15,4.5,40,1540,68.8,8.5
108,서울,2021-03-16,-1.7,26,1523,52.5,5.7
108,서울,2021-03-17,-2.9,21,1642,44.9,5
108,서울,2021-03-18,1.3,33,1605,50.1,6.7
108,서울,2021-03-19,3.9,32,1556,47.9,8.1
108,서울,2021-03-20,5,44,412,74.6,8.8
108,서울,2021-03-21,-.4,44,1610,65.9,6.1
108,서울,2021-03-22,-2.7,26,1645,55.3,5.1
108,서울,2021-03-23,1.9,35,1533,63.5,7.1
108,서울,2021-03-24,3.2,39,1455,61.5,7.7
108,서울,2021-03-25,5.7,40,1459,68.5,9.1
108,서울,2021-03-26,3,25,1725,58.4,7.7
108,서울,2021-03-27,6,41,1130,70.9,9.9
108,서울,2021-03-28,8.3,89,1643,95.8,11
108,서울,2021-03-29,2.1,32,1403,62.3,7.4
108,서울,2021-03-30,-1.3,21,1242,47.3,5.6
108,서울,2021-03-31,.3,19,1400,41,6.3
108,서울,2021-04-01,.5,18,1253,33,6.3
108,서울,2021-04-02,2,25,1220,35.6,7.1
108,서울,2021-04-03,11.2,40,6,80.8,13.4
108,서울,2021-04-04,5.2,47,1726,65.8,9
108,서울,2021-04-05,0,19,1525,47.9,6.2
108,서울,2021-04-06,3.3,29,1203,50.9,7.8
108,서울,2021-04-07,2,24,1323,47.5,7.2
108,서울,2021-04-08,-2.9,22,1741,34,5
108,서울,2021-04-09,-.4,25,1245,39.3,6
108,서울,2021-04-10,2,28,1822,50,7.1
108,서울,2021-04-11,2.4,24,1442,45.4,7.3
108,서울,2021-04-12,7.6,36,1126,70.4,10.8
108,서울,2021-04-13,5.6,53,1400,74,9.4
108,서울,2021-04-14,.1,30,1130,58.5,6.2
108,서울,2021-04-15,3.9,31,1349,62.3,8.1
108,서울,2021-04-16,3.3,35,1814,60,8
108,서울,2021-04-17,1.1,33,1536,56.6,6.7
108,서울,2021-04-18,3.1,39,1336,64.3,7.7
108,서울,2021-04-19,5.4,44,1409,65.3,9
108,서울,2021-04-20,4.8,27,1826,55.1,8.7
108,서울,2021-04-21,5.4,21,1645,43.1,9
108,서울,2021-04-22,5.5,22,1348,37.9,9.1
108,서울,2021-04-23,5.2,29,1210,41.4,8.9
108,서울,2021-04-24,4.9,23,1205,43,8.8
108,서울,2021-04-25,6.9,31,1502,50,10
108,서울,2021-04-26,5.9,27,928,51.8,9.6
108,서울,2021-04-27,7.7,38,1520,62.4,10.6
108,서울,2021-04-28,7.1,35,1842,64.1,10.3
108,서울,2021-04-29,4.8,30,1718,54.1,8.6
108,서울,2021-04-30,8.1,63,1228,81.8,10.8
108,서울,2021-05-01,6.8,47,1258,80.8,9.9
108,서울,2021-05-02,6,41,1731,67.9,9.4
108,서울,2021-05-03,4.6,27,1613,56.4,8.5
108,서울,2021-05-04,10.7,53,3,82.6,13.2
108,서울,2021-05-05,6.4,29,1634,64.4,9.8
108,서울,2021-05-06,3.3,27,1743,46.4,7.8
108,서울,2021-05-07,6.5,38,1,60.3,9.8
108,서울,2021-05-08,7.5,36,1509,66.1,10.4
108,서울,2021-05-09,4.6,25,1609,51.3,8.5
108,서울,2021-05-10,7.4,59,12,67.9,10.3
108,서울,2021-05-11,6.2,28,1337,48.9,9.5
108,서울,2021-05-12,7.1,26,1255,39.5,10.3
108,서울,2021-05-13,12.7,36,1418,54.4,14.8
108,서울,2021-05-14,15.4,35,1552,60.3,17.5
108,서울,2021-05-15,18,56,1148,79.5,20.8
108,서울,2021-05-16,17.9,94,1331,97.6,20.7
108,서울,2021-05-17,14.1,86,1919,93,16.1
108,서울,2021-05-18,11.8,45,2002,70.5,14.1
108,서울,2021-05-19,9.1,31,1422,52.3,11.6
108,서울,2021-05-20,10.3,42,1331,59.8,12.6
108,서울,2021-05-21,13.6,73,1841,86.5,15.6
108,서울,2021-05-22,12.3,43,1530,69.3,14.3
108,서울,2021-05-23,12.2,46,1319,64.4,14.2
108,서울,2021-05-24,11.1,28,1558,61,13.3
108,서울,2021-05-25,10,37,1912,72.3,12.3
108,서울,2021-05-26,8.9,31,1504,58.5,11.4
108,서울,2021-05-27,12.8,52,1,83,14.8
108,서울,2021-05-28,12.8,66,1648,86,14.8
108,서울,2021-05-29,11.7,59,1252,79.8,13.8
108,서울,2021-05-30,12.5,37,1614,73,14.6
108,서울,2021-05-31,15.9,63,1730,78.9,18
108,서울,2021-06-01,15.4,57,1322,74.6,17.5
108,서울,2021-06-02,15.3,37,1506,64.4,17.4
108,서울,2021-06-03,15.6,59,1045,80.8,17.8
108,서울,2021-06-04,12.1,38,1555,69.4,14.1
108,서울,2021-06-05,14.4,40,1624,68.1,16.5
108,서울,2021-06-06,16.7,48,1539,69.6,19.1
108,서울,2021-06-07,15.7,57,1711,71.5,17.8
108,서울,2021-06-08,17.3,43,1547,69.6,19.9
108,서울,2021-06-09,16.7,36,1323,59.1,19
108,서울,2021-06-10,18.3,43,1350,68.5,21.1
108,서울,2021-06-11,18.7,70,1709,84.5,21.5
108,서울,2021-06-12,18.8,49,1819,74.6,21.8
108,서울,2021-06-13,19.3,54,1615,72.6,22.4
108,서울,2021-06-14,18.3,50,1307,68.8,21
108,서울,2021-06-15,18.6,68,1803,79.1,21.5
108,서울,2021-06-16,15.7,46,1540,59.9,17.9
108,서울,2021-06-17,16.3,58,1227,71.4,18.6
108,서울,2021-06-18,18.6,82,1732,92.1,21.4
108,서울,2021-06-19,17,49,1708,74,19.5
108,서울,2021-06-20,17.5,48,1239,73.3,20
108,서울,2021-06-21,16.6,45,1501,67,18.9
108,서울,2021-06-22,16.3,41,1352,67.9,18.6
108,서울,2021-06-23,16.5,49,1401,70.5,18.8
108,서울,2021-06-24,17.2,51,1452,71.1,19.6
108,서울,2021-06-25,17.7,48,1501,69,20.3
108,서울,2021-06-26,18.7,63,1541,78.5,21.6
108,서울,2021-06-27,18.6,43,1640,72.1,21.4
108,서울,2021-06-28,19.1,57,1450,76.4,22.1
108,서울,2021-06-29,19.8,56,1523,78.6,23
108,서울,2021-06-30,20,55,1715,77.9,23.3
108,서울,2021-07-01,20.2,45,1338,70.9,23.7
108,서울,2021-07-02,19.5,47,1606,64.1,22.6
108,서울,2021-07-03,18.6,62,955,80,21.5
108,서울,2021-07-04,20.8,91,2145,96.8,24.6
108,서울,2021-07-05,19.5,64,1427,80.3,22.7
108,서울,2021-07-06,19.9,54,1347,73.4,23.3
108,서울,2021-07-07,22.2,65,1340,78.5,26.8
108,서울,2021-07-08,22.4,66,1443,81.6,27.1
108,서울,2021-07-09,21.1,62,1536,77.3,25
108,서울,2021-07-10,22.1,60,1343,80.4,26.6
108,서울,2021-07-11,23.2,81,1355,86.8,28.5
108,서울,2021-07-12,23,58,1612,75.1,28.2
108,서울,2021-07-13,24,62,1435,76.1,29.9
108,서울,2021-07-14,23.7,56,1537,71.4,29.4
108,서울,2021-07-15,23.1,51,1310,71.1,28.3
108,서울,2021-07-16,22,44,1554,68.4,26.6
108,서울,2021-07-17,21,50,1338,63.1,24.9
108,서울,2021-07-18,21.3,46,1552,62.5,25.4
108,서울,2021-07-19,22.4,61,1045,80.1,27.1
108,서울,2021-07-20,23,58,1205,75.8,28
108,서울,2021-07-21,22.3,40,1710,64,27
108,서울,2021-07-22,21.9,37,1412,59.8,26.4
108,서울,2021-07-23,22.7,42,1539,61.8,27.6
108,서울,2021-07-24,21.7,37,1509,57.4,26.1
108,서울,2021-07-25,21.3,40,1252,55.8,25.3
108,서울,2021-07-26,20.8,40,1431,54.9,24.5
108,서울,2021-07-27,22.4,43,1542,60.5,27.1
108,서울,2021-07-28,23.4,52,1459,67.4,28.8
108,서울,2021-07-29,23.3,57,1422,69.9,28.6
108,서울,2021-07-30,22.3,44,1503,63.1,26.9
108,서울,2021-07-31,23.4,52,1557,69.9,28.8
108,서울,2021-08-01,23.6,71,1,81.8,29.2
108,서울,2021-08-02,23.2,69,1703,82.6,28.4
108,서울,2021-08-03,23.4,60,1722,76.9,28.8
108,서울,2021-08-04,22.8,51,1445,70.6,27.7
108,서울,2021-08-05,22.6,53,1454,68.1,27.5
108,서울,2021-08-06,21.5,57,1157,68.4,25.7
108,서울,2021-08-07,20.4,48,1755,65,24
108,서울,2021-08-08,21.7,57,1326,74.8,26.1
108,서울,2021-08-09,20,42,1509,62.4,23.4
108,서울,2021-08-10,19.7,46,1555,62.5,22.9
108,서울,2021-08-11,21.3,49,1630,70.3,25.4
108,서울,2021-08-12,19.9,52,1759,67.1,23.3
108,서울,2021-08-13,20.6,57,1501,70.4,24.2
108,서울,2021-08-14,18.5,51,1427,63.9,21.4
108,서울,2021-08-15,18,41,1638,59.6,20.7
108,서울,2021-08-16,18.8,39,1603,61.1,21.7
108,서울,2021-08-17,18.3,46,1411,65,21.1
108,서울,2021-08-18,18,48,1502,69.6,20.7
108,서울,2021-08-19,16.6,42,1519,57.1,18.8
108,서울,2021-08-20,18.9,50,1631,63.6,21.9
108,서울,2021-08-21,21.5,76,552,88.1,25.7
108,서울,2021-08-22,20.9,63,1327,81.5,24.7
108,서울,2021-08-23,20.5,78,1135,89.3,24.1
108,서울,2021-08-24,22.3,89,109,93.6,27
108,서울,2021-08-25,22.2,73,1529,85.5,26.8
108,서울,2021-08-26,22.7,75,1440,84.9,27.6
108,서울,2021-08-27,19.4,67,836,83.5,22.6
108,서울,2021-08-28,19.8,57,1506,80.4,23.1
108,서울,2021-08-29,20.4,65,1744,82.6,24
108,서울,2021-08-30,19.8,57,1447,77.5,23.1
108,서울,2021-08-31,19.2,77,22,93.3,22.3
108,서울,2021-09-01,18.2,71,2147,83.1,21
108,서울,2021-09-02,17.6,56,1404,70.3,20.2
108,서울,2021-09-03,15.6,38,1445,60.3,17.8
108,서울,2021-09-04,14,45,1326,57,16
108,서울,2021-09-05,15.1,51,1253,61.1,17.2
108,서울,2021-09-06,16.2,51,1219,70.1,18.5
108,서울,2021-09-07,19.2,94,1,98.1,22.3
108,서울,2021-09-08,18.5,58,1420,81.3,21.3
108,서울,2021-09-09,18.7,47,1501,76.5,21.7
108,서울,2021-09-10,18.8,49,1427,76,21.7
108,서울,2021-09-11,18.5,49,1453,73.1,21.3
108,서울,2021-09-12,16.8,41,1609,64.6,19.1
108,서울,2021-09-13,18.1,49,1638,67.1,20.8
108,서울,2021-09-14,16.6,41,1554,63.3,18.9
108,서울,2021-09-15,14.5,44,1402,57.5,16.5
108,서울,2021-09-16,14.7,46,1335,61.1,16.8
108,서울,2021-09-17,15.5,45,1558,61.4,17.6
108,서울,2021-09-18,16.6,44,1535,65.1,19
108,서울,2021-09-19,16,49,1533,62.9,18.3
108,서울,2021-09-20,16.2,48,1624,63.6,18.4
108,서울,2021-09-21,19.2,59,1628,85.1,22.3
108,서울,2021-09-22,16.1,56,1634,79,18.4
108,서울,2021-09-23,14.2,48,1618,67.3,16.2
108,서울,2021-09-24,15.2,46,1502,67.5,17.2
108,서울,2021-09-25,16,66,1153,72.6,18.2
108,서울,2021-09-26,15,50,1255,63,17.1
108,서울,2021-09-27,14.8,52,1214,66,16.9
108,서울,2021-09-28,16.6,54,1349,75.1,19
108,서울,2021-09-29,19,87,1600,93.5,22
108,서울,2021-09-30,17.3,62,1520,83.9,19.7
108,서울,2021-10-01,16.1,42,1506,75.8,18.3
108,서울,2021-10-02,16.1,50,1620,77.1,18.3
108,서울,2021-10-03,15.8,40,1456,69.5,18
108,서울,2021-10-04,19.4,71,1,81,22.7
108,서울,2021-10-05,20.3,65,1344,82.4,23.9
108,서울,2021-10-06,17.3,83,2141,91.5,19.7
108,서울,2021-10-07,16.8,74,1454,85.5,19.2
108,서울,2021-10-08,17.3,85,2,91.3,19.7
108,서울,2021-10-09,17.9,72,1635,83.5,20.5
108,서울,2021-10-10,17.9,80,1133,89,20.7
108,서울,2021-10-11,11.4,67,1152,78.6,13.5
108,서울,2021-10-12,11.5,53,1602,67.1,13.6
108,서울,2021-10-13,13,52,1344,66.6,15.1
108,서울,2021-10-14,14.6,54,1455,73.6,16.6
108,서울,2021-10-15,14.2,58,2157,74.4,16.2
108,서울,2021-10-16,-.3,31,1350,47.5,6.5
108,서울,2021-10-17,-8.1,25,1330,37.4,3.4
108,서울,2021-10-18,1.9,36,8,60.4,7.5
108,서울,2021-10-19,5.8,47,1518,72.8,9.5
108,서울,2021-10-20,2.7,35,1453,64.9,7.5
108,서울,2021-10-21,2.9,40,1352,64.1,7.5
108,서울,2021-10-22,2.3,33,1453,58.4,7.2
108,서울,2021-10-23,2.6,30,1500,57.3,7.4
108,서울,2021-10-24,4.1,38,1447,63.1,8.2
108,서울,2021-10-25,4.7,35,1447,64.5,8.5
108,서울,2021-10-26,8.2,48,1337,74.5,10.9
108,서울,2021-10-27,5.8,32,1616,63.4,9.5
108,서울,2021-10-28,3.2,31,1342,54.6,7.7
108,서울,2021-10-29,5.6,36,1558,55.9,9.1
108,서울,2021-10-30,6.5,48,1638,62.4,9.7
108,서울,2021-10-31,9,46,1611,73.3,11.5
108,서울,2021-11-01,8.6,51,1505,77.3,11.2
108,서울,2021-11-02,7.2,50,1430,76.6,10.2
108,서울,2021-11-03,6.5,32,1325,71.1,9.7
108,서울,2021-11-04,8.6,63,1611,80.4,11.2
108,서울,2021-11-05,6.3,27,1438,68.5,9.6
108,서울,2021-11-06,6,34,1430,61.1,9.4
108,서울,2021-11-07,6.6,41,1333,57.5,9.8
108,서울,2021-11-08,5.5,56,1,82.1,9.2
108,서울,2021-11-09,1.7,69,2344,80.3,7
108,서울,2021-11-10,-.2,55,1500,73.4,6.1
108,서울,2021-11-11,-1.8,49,1240,60.6,5.4
108,서울,2021-11-12,-3.8,40,1326,55.4,4.6
108,서울,2021-11-13,1.2,49,1245,66.1,6.8
108,서울,2021-11-14,5.5,38,1456,69.8,9.1
108,서울,2021-11-15,4.4,34,1323,71.3,8.4
108,서울,2021-11-16,1.6,34,1202,65.5,6.9
108,서울,2021-11-17,.6,36,1509,64.1,6.4
108,서울,2021-11-18,6.6,60,30,70.8,10.1
108,서울,2021-11-19,10.2,65,1448,84.8,12.5
108,서울,2021-11-20,6.2,43,1504,77,9.5
108,서울,2021-11-21,5.8,57,1412,74.4,9.2
108,서울,2021-11-22,-4,45,846,61.8,4.7
108,서울,2021-11-23,-7.3,49,1217,60.9,3.6
108,서울,2021-11-24,-2.1,55,637,64.3,5.5
108,서울,2021-11-25,-3.2,33,1646,55,4.9
108,서울,2021-11-26,-4.9,34,1210,57.5,4.3
108,서울,2021-11-27,-5.7,31,1559,53,4
108,서울,2021-11-28,-4.4,28,1539,52.4,4.4
108,서울,2021-11-29,.7,47,1344,62,6.5
108,서울,2021-11-30,2.4,60,2400,80.4,7.6
108,서울,2021-12-01,-10,38,1243,51.8,2.9
108,서울,2021-12-02,-3.9,49,1154,68.9,4.8
108,서울,2021-12-03,-7.2,29,1212,53.3,3.8
108,서울,2021-12-04,-8.5,33,1529,48.5,3.2
108,서울,2021-12-05,-6.7,30,1630,50.4,3.7
108,서울,2021-12-06,-1.7,38,1343,61.4,5.4
108,서울,2021-12-07,1,44,1421,68.3,6.6
108,서울,2021-12-08,1.2,44,1505,70,6.7
108,서울,2021-12-09,1.3,58,1431,70.3,6.7
108,서울,2021-12-10,3.9,68,635,81.5,8.2
108,서울,2021-12-11,3.3,66,1340,83.6,7.8
108,서울,2021-12-12,-5.9,34,1421,61.8,4.3
108,서울,2021-12-13,-13.1,28,1347,43.8,2.2
108,서울,2021-12-14,-2.6,47,1,64.9,5.4
108,서울,2021-12-15,4.7,66,1418,84.8,8.6
108,서울,2021-12-16,1.3,36,1542,71.6,6.8
108,서울,2021-12-17,-14.5,32,1312,50.5,2.2
108,서울,2021-12-18,-12,33,1201,64.1,2.8
108,서울,2021-12-19,-7.1,40,1200,63.8,3.7
108,서울,2021-12-20,1.5,57,1417,77.9,6.9
108,서울,2021-12-21,-.4,35,1804,70.9,6.5
108,서울,2021-12-22,-8.2,30,1538,47.4,3.3
108,서울,2021-12-23,-6.1,37,1200,53.5,3.9
108,서울,2021-12-24,-6,51,2358,65.3,4.1
108,서울,2021-12-25,-22,31,1542,42.4,1.1
108,서울,2021-12-26,-22.1,31,1341,43.5,1.1
108,서울,2021-12-27,-14,38,1146,60.9,2.2
108,서울,2021-12-28,-8.2,57,1507,73.8,3.3
108,서울,2021-12-29,-4,50,1438,72.9,4.6
108,서울,2021-12-30,-13.3,34,1228,48.5,2.2
108,서울,2021-12-31,-19.5,26,1603,35.9,1.3
108,서울,2022-01-01,-14.4,31,1329,46.3,2.1
108,서울,2022-01-02,-8.8,39,1754,57.9,3.3
108,서울,2022-01-03,-9.3,35,1152,58.3,3.2
108,서울,2022-01-04,-11.8,28,1606,51.8,2.6
108,서울,2022-01-05,-12.5,34,1402,47.6,2.4
108,서울,2022-01-06,-12.3,29,1414,47.1,2.4
108,서울,2022-01-07,-12,21,1528,47.1,2.5
108,서울,2022-01-08,-5.7,49,1221,64.3,4.2
108,서울,2022-01-09,-3.5,46,1606,71.5,4.8
108,서울,2022-01-10,-5.1,37,1527,68.3,4.2
108,서울,2022-01-11,-14.9,39,1538,55.5,2
108,서울,2022-01-12,-17,34,1528,47.8,1.6
108,서울,2022-01-13,-16.3,32,1408,45.8,1.7
108,서울,2022-01-14,-16.3,24,1606,41.8,1.7
108,서울,2022-01-15,-10.6,41,1131,48.3,2.8
108,서울,2022-01-16,-10.4,29,1427,54.5,3
108,서울,2022-01-17,-12.5,38,1136,59.9,2.4
108,서울,2022-01-18,-15.3,27,1403,47.9,1.9
108,서울,2022-01-19,-9.6,50,132,72.3,3
108,서울,2022-01-20,-11.1,42,1631,63.5,2.6
108,서울,2022-01-21,-10.9,29,1544,55.6,2.7
108,서울,2022-01-22,-8.7,32,1618,52.4,3.2
108,서울,2022-01-23,-6.8,43,1017,52.4,3.7
108,서울,2022-01-24,-3.6,44,1310,56,4.7
108,서울,2022-01-25,-.4,51,1,80,6
108,서울,2022-01-26,-5.7,33,1709,62.8,4.1
108,서울,2022-01-27,-10.5,31,1520,50,2.8
108,서울,2022-01-28,-11.5,33,1518,51.6,2.5
108,서울,2022-01-29,-13.3,28,1510,48.9,2.2
108,서울,2022-01-30,-13.4,27,1510,45.4,2.2
108,서울,2022-01-31,-7.9,39,1229,59,3.5
108,서울,2022-02-01,-4.9,59,1509,76.6,4.3
108,서울,2022-02-02,-10.4,36,1453,60.5,2.8
108,서울,2022-02-03,-12.2,34,1235,52.4,2.4
108,서울,2022-02-04,-13.4,35,1134,53.3,2.2
108,서울,2022-02-05,-15.7,36,1609,48.8,1.8
108,서울,2022-02-06,-13,31,1533,50.3,2.3
108,서울,2022-02-07,-11.6,31,1313,51.3,2.6
108,서울,2022-02-08,-9,26,1556,53.8,3.1
108,서울,2022-02-09,-8.4,26,1527,52.3,3.2
108,서울,2022-02-10,-6.3,33,1335,57.8,3.9
108,서울,2022-02-11,-4.3,34,1453,61.1,4.5
108,서울,2022-02-12,-6.1,22,1409,50.4,4.1
108,서울,2022-02-13,-6.3,32,1634,44.9,3.9
108,서울,2022-02-14,-3,43,1414,68.3,5
108,서울,2022-02-15,-11.8,44,2013,58,2.5
108,서울,2022-02-16,-16.1,32,1359,50.4,1.8
108,서울,2022-02-17,-17.3,28,1559,41.6,1.6
108,서울,2022-02-18,-13.5,21,1526,40.4,2.2
108,서울,2022-02-19,-10.3,38,1500,52.9,2.9
108,서울,2022-02-20,-16.3,24,1619,41.1,1.7
108,서울,2022-02-21,-10.6,41,1413,56.3,2.8
108,서울,2022-02-22,-15.2,33,938,43.3,1.9
108,서울,2022-02-23,-18,24,1550,38.5,1.5
108,서울,2022-02-24,-11.1,31,1113,52.4,2.8
108,서울,2022-02-25,-.7,55,1234,77.5,5.9
108,서울,2022-02-26,1.8,63,1325,78.4,7.1
108,서울,2022-02-27,-4.5,33,1144,56.6,4.5
108,서울,2022-02-28,-.5,36,1622,62.3,6
108,서울,2022-03-01,.5,46,1647,70.5,6.6
108,서울,2022-03-02,-5,29,1201,55.9,4.3
108,서울,2022-03-03,-4.6,24,1511,52.9,4.5
108,서울,2022-03-04,-.5,35,1537,60.5,6.1
108,서울,2022-03-05,-11,22,1248,38.4,2.7
108,서울,2022-03-06,-11.5,20,1405,39.5,2.6
108,서울,2022-03-07,-8.1,24,1422,45.8,3.3
108,서울,2022-03-08,-2.3,44,48,56.1,5.3
108,서울,2022-03-09,1.3,34,1504,69.6,6.7
108,서울,2022-03-10,-1.6,17,1424,51.4,5.5
108,서울,2022-03-11,3.2,44,1602,58.4,7.9
108,서울,2022-03-12,7.6,49,1213,72.1,10.7
108,서울,2022-03-13,10.9,90,1939,95.5,13
108,서울,2022-03-14,6.6,82,1117,90.3,9.9
108,서울,2022-03-15,2.2,46,1605,72.6,7.2
108,서울,2022-03-16,3,38,1552,62.6,7.6
108,서울,2022-03-17,3.5,45,1344,62,7.9
108,서울,2022-03-18,.3,52,1536,60.8,6.3
108,서울,2022-03-19,1,62,1,84.6,6.6
108,서울,2022-03-20,-.8,41,1518,66.1,5.9
108,서울,2022-03-21,-5.1,27,1309,49.5,4.2
108,서울,2022-03-22,-3.5,27,1356,48.9,4.8
108,서울,2022-03-23,-1.9,41,1257,56.8,5.4
108,서울,2022-03-24,3.1,56,1,70.6,7.7
108,서울,2022-03-25,6.2,46,1320,70,9.6
108,서울,2022-03-26,8.2,53,2116,80.9,11.2
108,서울,2022-03-27,-2.7,23,1650,49.1,5.2
108,서울,2022-03-28,-6.9,15,1428,35.6,3.7
108,서울,2022-03-29,.3,37,1,52.9,6.4
108,서울,2022-03-30,6.6,50,1214,76.5,9.9
108,서울,2022-03-31,3.8,43,1711,63.5,8.1
108,서울,2022-04-01,-1.3,26,1453,50.5,5.6
108,서울,2022-04-02,-1.1,28,1304,55,5.7
108,서울,2022-04-03,-.2,24,1437,55,6.1
108,서울,2022-04-04,-.7,24,1256,50.3,5.9
108,서울,2022-04-05,-3,23,1812,41.1,4.9
108,서울,2022-04-06,1.4,19,1358,52.3,6.9
108,서울,2022-04-07,-1.8,21,1714,43.5,5.5
108,서울,2022-04-08,1.4,27,1315,49,6.7
108,서울,2022-04-09,5,34,1358,43.8,8.9
108,서울,2022-04-10,5.6,22,1436,46,9.1
108,서울,2022-04-11,11.2,34,1427,60.4,13.4
108,서울,2022-04-12,15,50,1431,77.9,17
108,서울,2022-04-13,7.2,47,2357,69.3,10.6
108,서울,2022-04-14,3.8,45,354,53.4,8
108,서울,2022-04-15,1.7,28,1328,46.8,6.9
108,서울,2022-04-16,1.5,18,1348,48.5,6.9
108,서울,2022-04-17,3.5,24,1818,53.8,7.9
108,서울,2022-04-18,2.6,21,1429,46.1,7.5
108,서울,2022-04-19,4.6,28,1507,51.9,8.5
108,서울,2022-04-20,4,23,1327,48.8,8.1
108,서울,2022-04-21,4.4,21,1146,48.4,8.6
108,서울,2022-04-22,10.8,58,103,76.8,13.1
108,서울,2022-04-23,7.2,21,1749,57.3,10.4
108,서울,2022-04-24,13.1,48,1553,72.5,15.2
108,서울,2022-04-25,16.3,61,1554,80.5,18.6
108,서울,2022-04-26,12.5,36,1538,57.9,14.7
108,서울,2022-04-27,.1,17,1407,31.5,6.3
108,서울,2022-04-28,4.9,19,1359,44,8.8
108,서울,2022-04-29,7.8,54,1415,70.6,10.7
108,서울,2022-04-30,7,49,1328,68,10.1
108,서울,2022-05-01,3.3,22,1329,54.8,7.9
108,서울,2022-05-02,4.3,26,1621,56.5,8.5
108,서울,2022-05-03,2.2,24,1430,45.9,7.3
108,서울,2022-05-04,4.8,31,1011,43.3,8.7
108,서울,2022-05-05,7.1,30,926,48.1,10.3
108,서울,2022-05-06,12.8,40,1412,67.1,14.9
108,서울,2022-05-07,6.3,18,1557,52.4,10.5
108,서울,2022-05-08,4.6,35,1,51.8,8.6
108,서울,2022-05-09,8.2,30,1628,56.4,10.8
108,서울,2022-05-10,4.1,16,1424,39,8.3
108,서울,2022-05-11,8.7,35,1331,50.4,11.3
108,서울,2022-05-12,9.8,32,1432,51.5,12.1
108,서울,2022-05-13,6.9,28,1509,45.8,10
108,서울,2022-05-14,3.5,29,1103,45.5,7.9
108,서울,2022-05-15,1.8,24,1708,39.8,7
108,서울,2022-05-16,8,36,1409,56.3,10.8
108,서울,2022-05-17,11.3,36,1453,60.1,13.4
108,서울,2022-05-18,11.4,39,1338,59.4,13.5
108,서울,2022-05-19,9.9,43,1036,53.6,12.3
108,서울,2022-05-20,10.1,28,1554,52.8,12.4
108,서울,2022-05-21,14.2,48,1559,70.8,16.2
108,서울,2022-05-22,14.5,52,1431,70.9,16.5
108,서울,2022-05-23,15.1,39,1516,63.5,17.2
108,서울,2022-05-24,12.9,29,1505,56.8,14.9
108,서울,2022-05-25,13.9,36,1539,66.6,15.9
108,서울,2022-05-26,9.7,29,1642,59.9,12.3
108,서울,2022-05-27,12.2,47,1212,62.5,14.3
108,서울,2022-05-28,11.7,29,1821,54.1,13.8
108,서울,2022-05-29,16.1,39,1600,66.4,18.3
108,서울,2022-05-30,15.2,55,2145,71,17.4
108,서울,2022-05-31,6.4,19,1512,42.4,9.8
108,서울,2022-06-01,7.3,18,1418,41.6,10.4
108,서울,2022-06-02,14.8,46,1351,67.4,16.9
108,서울,2022-06-03,16.3,34,1348,62.8,18.5
108,서울,2022-06-04,16,44,1752,57,18.3
108,서울,2022-06-05,14.3,43,1115,59.8,16.3
108,서울,2022-06-06,13.4,47,1632,69,15.5
108,서울,2022-06-07,10.8,39,1305,54.5,12.9
108,서울,2022-06-08,13.3,48,1451,61.6,15.4
108,서울,2022-06-09,16.4,56,1739,76.1,18.6
108,서울,2022-06-10,16.2,50,1138,75.8,18.4
108,서울,2022-06-11,15.5,33,1333,59.6,17.6
108,서울,2022-06-12,15.5,36,1524,58.9,17.7
108,서울,2022-06-13,17.1,51,1252,68.5,19.7
108,서울,2022-06-14,12.2,42,1154,56.4,14.2
108,서울,2022-06-15,16.2,71,1,92.4,18.5
108,서울,2022-06-16,16.1,53,1720,78.4,18.3
108,서울,2022-06-17,17.9,56,1416,76.4,20.6
108,서울,2022-06-18,19.5,72,1053,79.6,22.7
108,서울,2022-06-19,20,74,1714,81.6,23.4
108,서울,2022-06-20,20.5,58,1747,76.6,24.2
108,서울,2022-06-21,20.8,48,1415,72.6,24.5
108,서울,2022-06-22,19.9,44,1600,71.1,23.3
108,서울,2022-06-23,22.2,74,2,89.1,26.9
108,서울,2022-06-24,21,76,1851,90.9,24.9
108,서울,2022-06-25,22.2,69,1445,80.4,26.8
108,서울,2022-06-26,23.1,79,1453,82.1,28.3
108,서울,2022-06-27,23.8,76,2331,84.4,29.5
108,서울,2022-06-28,23.4,74,1002,81.9,28.8
108,서울,2022-06-29,24.3,89,1,95.5,30.4
108,서울,2022-06-30,22.1,97,230,99.3,26.6
108,서울,2022-07-01,23.2,61,1547,83.3,28.5
108,서울,2022-07-02,23,50,1504,72.8,28.1
108,서울,2022-07-03,22.5,47,1329,68.6,27.3
108,서울,2022-07-04,23.5,59,1601,71.8,29
108,서울,2022-07-05,23.9,61,1435,73.8,29.7
108,서울,2022-07-06,24.6,61,1638,76,30.9
108,서울,2022-07-07,24.8,69,1142,82.3,31.3
108,서울,2022-07-08,22.8,70,1701,84.4,27.8
108,서울,2022-07-09,23.4,64,1644,82.1,28.8
108,서울,2022-07-10,22.2,46,1527,68,27
108,서울,2022-07-11,22,54,2,75,26.5
108,서울,2022-07-12,21.5,64,1350,73.1,25.7
108,서울,2022-07-13,23.8,76,46,93.9,29.6
108,서울,2022-07-14,22.7,63,1539,84.6,27.6
108,서울,2022-07-15,21.2,55,1703,76.5,25.2
108,서울,2022-07-16,21.7,66,1156,83.4,26
108,서울,2022-07-17,21.3,63,1456,78.9,25.3
108,서울,2022-07-18,22,58,1352,76,26.4
108,서울,2022-07-19,22.1,56,1213,74.1,26.6
108,서울,2022-07-20,22.3,57,1409,76.1,27
108,서울,2022-07-21,20.9,77,2301,87.6,24.7
108,서울,2022-07-22,21.6,68,1149,81.5,25.7
108,서울,2022-07-23,21.7,67,1425,83.6,26
108,서울,2022-07-24,22.5,72,1414,86.9,27.3
108,서울,2022-07-25,22.3,52,1536,75,27
108,서울,2022-07-26,23.2,53,1331,72.5,28.5
108,서울,2022-07-27,22.1,50,1529,66.3,26.7
108,서울,2022-07-28,21.9,48,1410,63.8,26.3
108,서울,2022-07-29,23.9,52,1446,68.1,29.8
108,서울,2022-07-30,24.2,50,1213,68.4,30.2
108,서울,2022-07-31,24.5,75,1,85.8,30.7
108,서울,2022-08-01,25,67,1418,82.4,31.8
108,서울,2022-08-02,24.9,78,2,90,31.6
108,서울,2022-08-03,25.2,76,1606,90.1,32.1
108,서울,2022-08-04,24.8,64,1306,79.3,31.2
108,서울,2022-08-05,24.7,61,1440,76.6,31.1
108,서울,2022-08-06,25.9,77,1036,85.3,33.5
108,서울,2022-08-07,25.4,70,1543,82.1,32.4
108,서울,2022-08-08,25.2,83,500,91.6,32.1
108,서울,2022-08-09,24.4,94,915,96,30.6
108,서울,2022-08-10,21.8,66,1445,85.3,26.2
108,서울,2022-08-11,22.8,75,1559,87.9,27.7
108,서울,2022-08-12,21.5,44,1604,73.8,25.7
108,서울,2022-08-13,22.5,71,1053,82.8,27.4
108,서울,2022-08-14,24.3,66,1418,83,30.4
108,서울,2022-08-15,24.9,74,1223,83,31.5
108,서울,2022-08-16,21.8,58,1657,75.4,26.1
108,서울,2022-08-17,21.4,62,1312,76.6,25.4
108,서울,2022-08-18,20.8,57,1417,75.8,24.6
108,서울,2022-08-19,23.4,70,1010,86.1,28.9
108,서울,2022-08-20,24.2,63,1402,80,30.2
108,서울,2022-08-21,23.1,59,1431,75.3,28.3
108,서울,2022-08-22,22,59,1613,75.6,26.4
108,서울,2022-08-23,20.2,51,1829,75,23.9
108,서울,2022-08-24,18.1,59,1134,66.9,20.8
108,서울,2022-08-25,18.1,63,1437,78,20.8
108,서울,2022-08-26,18.9,55,1510,75.3,21.9
108,서울,2022-08-27,13.6,43,1252,63.1,15.8
108,서울,2022-08-28,13.8,39,1356,59.4,15.8
108,서울,2022-08-29,16,63,321,74,18.3
108,서울,2022-08-30,18.5,71,23,96.3,21.3
108,서울,2022-08-31,18.6,69,1758,83.3,21.4
108,서울,2022-09-01,17.8,42,1733,70.8,20.4
108,서울,2022-09-02,16.5,47,1648,61.8,18.8
108,서울,2022-09-03,16.6,54,1351,63,19
108,서울,2022-09-04,20.2,65,103,88.6,23.8
108,서울,2022-09-05,18.4,92,337,95.9,21.3
108,서울,2022-09-06,16.6,41,1624,78,18.8
108,서울,2022-09-07,14.9,32,1334,65.3,17.2
108,서울,2022-09-08,15.9,39,1530,65.5,18.1
108,서울,2022-09-09,15,30,1633,59.1,17.1
108,서울,2022-09-10,13,37,1319,52.3,15.1
108,서울,2022-09-11,17,52,1501,68.6,19.4
108,서울,2022-09-12,19.2,60,1424,76.1,22.2
108,서울,2022-09-13,19,64,1333,73,22
108,서울,2022-09-14,15.3,45,1635,56.9,17.5
108,서울,2022-09-15,18.5,56,1048,66.9,21.3
108,서울,2022-09-16,21.5,63,1138,78.6,25.8
108,서울,2022-09-17,22.3,65,1716,83.1,26.9
108,서울,2022-09-18,22,55,1532,75.3,26.5
108,서울,2022-09-19,16.9,48,1348,63.1,19.6
108,서울,2022-09-20,10.7,36,1632,57,12.9
108,서울,2022-09-21,10.1,36,1459,56.9,12.4
108,서울,2022-09-22,11.6,45,1459,60.1,13.6
108,서울,2022-09-23,11.4,42,1500,68.9,13.7
108,서울,2022-09-24,11.1,37,1512,64.6,13.3
108,서울,2022-09-25,11.9,36,1319,63.3,14
108,서울,2022-09-26,10.8,32,1435,58.5,13
108,서울,2022-09-27,11.7,29,1634,59,13.7
108,서울,2022-09-28,14.7,47,1642,71,16.8
108,서울,2022-09-29,14.9,33,1605,73.5,17
108,서울,2022-09-30,13.9,34,1618,68,16
108,서울,2022-10-01,13,33,1448,63.3,15
108,서울,2022-10-02,15.4,60,1631,78.9,17.5
108,서울,2022-10-03,21,94,2203,98.5,25.1
108,서울,2022-10-04,14.9,67,2014,83.8,17.4
108,서울,2022-10-05,11.8,48,1544,74.8,13.8
108,서울,2022-10-06,11.6,63,1401,76.6,13.6
108,서울,2022-10-07,8.6,48,2002,69.5,11.2
108,서울,2022-10-08,8.7,42,1510,64.6,11.3
108,서울,2022-10-09,10.6,69,249,85.8,12.9
108,서울,2022-10-10,5.1,59,1122,72.9,8.8
108,서울,2022-10-11,5.4,51,1619,69.1,9
108,서울,2022-10-12,7.2,42,1622,68.1,10.2
108,서울,2022-10-13,10.2,43,1459,69.6,12.4
108,서울,2022-10-14,11.9,49,1410,73.4,14
108,서울,2022-10-15,11.8,38,1318,68.5,13.8
108,서울,2022-10-16,12.1,64,1628,73.9,14.1
108,서울,2022-10-17,.6,25,1332,50.3,6.6
108,서울,2022-10-18,-.3,33,1459,52.1,6
108,서울,2022-10-19,1.9,30,1405,57.8,7.1
108,서울,2022-10-20,5.7,31,1626,64.4,9.2
108,서울,2022-10-21,7.7,31,1611,68.8,10.6
108,서울,2022-10-22,10.6,52,1408,76.3,12.9
108,서울,2022-10-23,6.8,29,1656,65,10.3
108,서울,2022-10-24,.6,27,1509,52.6,6.5
108,서울,2022-10-25,2.6,37,1539,56.5,7.4
108,서울,2022-10-26,4.5,38,1312,58.3,8.4
108,서울,2022-10-27,7.9,49,1211,71.8,10.8
108,서울,2022-10-28,7.9,41,1541,70.1,10.7
108,서울,2022-10-29,8,37,1522,65.9,10.7
108,서울,2022-10-30,7.8,39,1408,64.5,10.6
108,서울,2022-10-31,9.1,42,1413,69.8,11.6
108,서울,2022-11-01,8.1,44,1556,73.5,11
108,서울,2022-11-02,2,23,1549,57.1,7.1
108,서울,2022-11-03,1.3,44,1131,58.1,6.8
108,서울,2022-11-04,-7.5,23,1459,41.8,3.5
108,서울,2022-11-05,-3.6,24,1353,51.3,4.8
108,서울,2022-11-06,1.8,36,1402,60.5,7
108,서울,2022-11-07,4.6,38,1546,64.5,8.5
108,서울,2022-11-08,6.9,40,1552,68.3,9.9
108,서울,2022-11-09,7.1,57,1316,76,10.1
108,서울,2022-11-10,8.8,53,1426,74.5,11.3
108,서울,2022-11-11,8.1,40,1545,62.5,10.8
108,서울,2022-11-12,12.5,50,1256,80,15
108,서울,2022-11-13,7.9,69,1350,85.6,10.7
108,서울,2022-11-14,5.1,45,1524,74.8,9
108,서울,2022-11-15,4.2,62,1,77.4,8.4
108,서울,2022-11-16,2.8,33,1506,71.3,7.6
108,서울,2022-11-17,3.5,41,1453,64.6,7.9
108,서울,2022-11-18,5.1,39,1406,69.6,8.8
108,서울,2022-11-19,3.9,35,1529,55.8,8.1
108,서울,2022-11-20,5.4,38,1434,58.3,9
108,서울,2022-11-21,6.4,53,1304,70.5,9.6
108,서울,2022-11-22,5,47,1546,69.9,8.8
108,서울,2022-11-23,1.9,34,1412,56,7.2
108,서울,2022-11-24,3.1,51,1123,65.6,7.7
108,서울,2022-11-25,5.8,35,1606,67.1,9.3
108,서울,2022-11-26,-3.1,28,1321,52.4,5.4
108,서울,2022-11-27,-6.5,28,1610,43.1,3.7
108,서울,2022-11-28,5.1,34,517,65.5,9.9
108,서울,2022-11-29,.7,39,2213,67,7.6
108,서울,2022-11-30,-14.5,34,1347,49.1,2
108,서울,2022-12-01,-16,34,454,43.4,1.8
108,서울,2022-12-02,-14.1,24,1344,42,2.1
108,서울,2022-12-03,-2.9,46,2,70.5,5.1
108,서울,2022-12-04,-15.7,25,1309,38.9,1.8
108,서울,2022-12-05,-14.5,25,1450,41.9,2
108,서울,2022-12-06,-5.5,44,1445,62.8,4.1
108,서울,2022-12-07,-2.4,41,1323,60.4,5.1
108,서울,2022-12-08,-4.7,21,1534,57.5,4.4
108,서울,2022-12-09,-2.5,49,2245,60.8,5.1
108,서울,2022-12-10,-8.1,26,1317,46.5,3.4
108,서울,2022-12-11,-7.5,29,1415,52.5,3.5
108,서울,2022-12-12,-2.5,53,1054,73.4,5.3
108,서울,2022-12-13,-4.7,57,2206,70.8,4.5
108,서울,2022-12-14,-16.9,43,1143,50.1,1.6
108,서울,2022-12-15,-7.6,61,120,79.1,3.6
108,서울,2022-12-16,-13.9,34,1527,56.9,2.1
108,서울,2022-12-17,-15.4,34,1346,52,1.9
108,서울,2022-12-18,-18.8,38,545,47.1,1.4
108,서울,2022-12-19,-14.6,40,1217,55.6,2
108,서울,2022-12-20,-10.9,40,1437,55.8,2.7
108,서울,2022-12-21,-2.9,57,353,82.4,5
108,서울,2022-12-22,-14.2,45,1555,60.5,2.1
108,서울,2022-12-23,-17.9,52,1514,60.5,1.5
108,서울,2022-12-24,-16,38,1608,54.9,1.8
108,서울,2022-12-25,-10.8,46,1534,66.5,2.7
108,서울,2022-12-26,-9.1,44,1540,68.4,3.1
108,서울,2022-12-27,-7.5,48,1308,69.8,3.5
108,서울,2022-12-28,-10.7,39,1117,58.1,2.8
108,서울,2022-12-29,-10.8,33,1203,56.3,2.8
108,서울,2022-12-30,-7.7,36,1635,65.6,3.5
108,서울,2022-12-31,-6.8,57,347,65.5,3.7
